-- phpMyAdmin SQL Dump
-- version 4.9.5
-- https://www.phpmyadmin.net/
--
-- Host: localhost
-- Tempo de geração: 27/11/2020 às 16:17
-- Versão do servidor: 5.6.41-84.1
-- Versão do PHP: 7.3.24

SET SQL_MODE = "NO_AUTO_VALUE_ON_ZERO";
SET AUTOCOMMIT = 0;
START TRANSACTION;
SET time_zone = "+00:00";


/*!40101 SET @OLD_CHARACTER_SET_CLIENT=@@CHARACTER_SET_CLIENT */;
/*!40101 SET @OLD_CHARACTER_SET_RESULTS=@@CHARACTER_SET_RESULTS */;
/*!40101 SET @OLD_COLLATION_CONNECTION=@@COLLATION_CONNECTION */;
/*!40101 SET NAMES utf8mb4 */;

--
-- Banco de dados: `spigo594_aula01`
--

-- --------------------------------------------------------

--
-- Estrutura para tabela `ataque`
--

CREATE TABLE `ataque` (
  `idAtaque` int(11) NOT NULL,
  `nome` varchar(100) NOT NULL,
  `tipo` enum('Bug','Dark','Dragon','Electric','Fairy','Fighting','Fire','Flying','Ghost','Grass','Ground','Ice','Normal','Poison','Psychic','Rock','Steel','Water') NOT NULL,
  `dano` int(11) NOT NULL,
  `tempo` int(11) NOT NULL,
  `carga` int(11) NOT NULL
) ENGINE=InnoDB DEFAULT CHARSET=utf8mb4;

--
-- Despejando dados para a tabela `ataque`
--

INSERT INTO `ataque` (`idAtaque`, `nome`, `tipo`, `dano`, `tempo`, `carga`) VALUES
(5, 'Mega Punch', '', 0, 0, 0),
(14, 'Swords Dance', '', 0, 0, 0),
(15, 'Cut', '', 0, 0, 0),
(18, 'Whirlwind', '', 0, 0, 0),
(21, 'Slam', '', 0, 0, 0),
(23, 'Stomp', '', 0, 0, 0),
(24, 'Double Kick', '', 0, 0, 0),
(25, 'Mega Kick', '', 0, 0, 0),
(32, 'Horn Drill', '', 0, 0, 0),
(33, 'Tackle', '', 0, 0, 0),
(34, 'Body Slam', '', 0, 0, 0),
(36, 'Take Down', '', 0, 0, 0),
(37, 'Thrash', '', 0, 0, 0),
(38, 'Double-Edge', '', 0, 0, 0),
(39, 'Tail Whip', '', 0, 0, 0),
(40, 'Poison Sting', '', 0, 0, 0),
(46, 'Roar', '', 0, 0, 0),
(47, 'Sing', '', 0, 0, 0),
(50, 'Disable', '', 0, 0, 0),
(51, 'Acid', '', 0, 0, 0),
(52, 'Ember', '', 0, 0, 0),
(53, 'Flamethrower', '', 0, 0, 0),
(54, 'Mist', '', 0, 0, 0),
(55, 'Water Gun', '', 0, 0, 0),
(56, 'Hydro Pump', '', 0, 0, 0),
(57, 'Surf', '', 0, 0, 0),
(58, 'Ice Beam', '', 0, 0, 0),
(59, 'Blizzard', '', 0, 0, 0),
(60, 'Psybeam', '', 0, 0, 0),
(61, 'Bubble Beam', '', 0, 0, 0),
(63, 'Hyper Beam', '', 0, 0, 0),
(66, 'Submission', '', 0, 0, 0),
(68, 'Counter', '', 0, 0, 0),
(69, 'Seismic Toss', '', 0, 0, 0),
(70, 'Strength', '', 0, 0, 0),
(72, 'Mega Drain', '', 0, 0, 0),
(74, 'Growth', '', 0, 0, 0),
(76, 'Solar Beam', '', 0, 0, 0),
(79, 'Sleep Powder', '', 0, 0, 0),
(81, 'String Shot', '', 0, 0, 0),
(83, 'Fire Spin', '', 0, 0, 0),
(85, 'Thunderbolt', '', 0, 0, 0),
(86, 'Thunder Wave', '', 0, 0, 0),
(87, 'Thunder', '', 0, 0, 0),
(89, 'Earthquake', '', 0, 0, 0),
(90, 'Fissure', '', 0, 0, 0),
(91, 'Dig', '', 0, 0, 0),
(92, 'Toxic', '', 0, 0, 0),
(94, 'Psychic', '', 0, 0, 0),
(96, 'Meditate', '', 0, 0, 0),
(97, 'Agility', '', 0, 0, 0),
(99, 'Rage', '', 0, 0, 0),
(100, 'Teleport', '', 0, 0, 0),
(102, 'Mimic', '', 0, 0, 0),
(103, 'Screech', '', 0, 0, 0),
(104, 'Double Team', '', 0, 0, 0),
(106, 'Harden', '', 0, 0, 0),
(107, 'Minimize', '', 0, 0, 0),
(113, 'Light Screen', '', 0, 0, 0),
(114, 'Haze', '', 0, 0, 0),
(115, 'Reflect', '', 0, 0, 0),
(117, 'Bide', '', 0, 0, 0),
(118, 'Metronome', '', 0, 0, 0),
(119, 'Mirror Move', '', 0, 0, 0),
(120, 'Self-Destruct', '', 0, 0, 0),
(126, 'Fire Blast', '', 0, 0, 0),
(129, 'Swift', '', 0, 0, 0),
(130, 'Skull Bash', '', 0, 0, 0),
(131, 'Spike Cannon', '', 0, 0, 0),
(133, 'Amnesia', '', 0, 0, 0),
(138, 'Dream Eater', '', 0, 0, 0),
(143, 'Sky Attack', '', 0, 0, 0),
(144, 'Transform', '', 0, 0, 0),
(146, 'Dizzy Punch', '', 0, 0, 0),
(148, 'Flash', '', 0, 0, 0),
(150, 'Splash', '', 0, 0, 0),
(151, 'Acid Armor', '', 0, 0, 0),
(153, 'Explosion', '', 0, 0, 0),
(154, 'Fury Swipes', '', 0, 0, 0),
(156, 'Rest', '', 0, 0, 0),
(157, 'Rock Slide', '', 0, 0, 0),
(161, 'Tri Attack', '', 0, 0, 0),
(162, 'Super Fang', '', 0, 0, 0),
(163, 'Slash', '', 0, 0, 0),
(164, 'Substitute', '', 0, 0, 0);

-- --------------------------------------------------------

--
-- Estrutura para tabela `evolucao`
--

CREATE TABLE `evolucao` (
  `registroOrigem` int(11) NOT NULL,
  `registroDestino` int(11) NOT NULL,
  `doces` int(11) DEFAULT NULL,
  `idItem` int(30) DEFAULT NULL,
  `km` int(11) NOT NULL,
  `trocaBrinde` tinyint(4) NOT NULL
) ENGINE=InnoDB DEFAULT CHARSET=latin1;

--
-- Despejando dados para a tabela `evolucao`
--

INSERT INTO `evolucao` (`registroOrigem`, `registroDestino`, `doces`, `idItem`, `km`, `trocaBrinde`) VALUES
(1, 2, NULL, NULL, 0, 0),
(2, 3, NULL, NULL, 0, 0),
(4, 5, NULL, NULL, 0, 0),
(5, 6, NULL, NULL, 0, 0),
(7, 8, NULL, NULL, 0, 0),
(8, 9, NULL, NULL, 0, 0),
(10, 11, NULL, NULL, 0, 0),
(11, 12, NULL, NULL, 0, 0),
(13, 14, NULL, NULL, 0, 0),
(14, 15, NULL, NULL, 0, 0),
(16, 17, NULL, NULL, 0, 0),
(17, 18, NULL, NULL, 0, 0),
(19, 20, NULL, NULL, 0, 0),
(21, 22, NULL, NULL, 0, 0),
(23, 24, NULL, NULL, 0, 0),
(25, 26, NULL, NULL, 0, 0),
(27, 28, NULL, NULL, 0, 0),
(29, 30, NULL, NULL, 0, 0),
(30, 31, NULL, NULL, 0, 0),
(32, 33, NULL, NULL, 0, 0),
(33, 34, NULL, NULL, 0, 0),
(35, 36, NULL, NULL, 0, 0),
(37, 38, NULL, NULL, 0, 0),
(39, 40, NULL, NULL, 0, 0),
(41, 42, NULL, NULL, 0, 0),
(42, 169, NULL, NULL, 0, 0),
(43, 44, NULL, NULL, 0, 0),
(44, 45, NULL, NULL, 0, 0),
(44, 182, NULL, NULL, 0, 0),
(46, 47, NULL, NULL, 0, 0),
(48, 49, NULL, NULL, 0, 0),
(50, 51, NULL, NULL, 0, 0),
(52, 53, NULL, NULL, 0, 0),
(54, 55, NULL, NULL, 0, 0),
(56, 57, NULL, NULL, 0, 0),
(58, 59, NULL, NULL, 0, 0),
(60, 61, NULL, NULL, 0, 0),
(61, 62, NULL, NULL, 0, 0),
(61, 186, NULL, NULL, 0, 0),
(63, 64, NULL, NULL, 0, 0),
(64, 65, NULL, NULL, 0, 0),
(66, 67, NULL, NULL, 0, 0),
(67, 68, NULL, NULL, 0, 0),
(69, 70, NULL, NULL, 0, 0),
(70, 71, NULL, NULL, 0, 0),
(72, 73, NULL, NULL, 0, 0),
(74, 75, NULL, NULL, 0, 0),
(75, 76, NULL, NULL, 0, 0),
(77, 78, NULL, NULL, 0, 0),
(79, 80, NULL, NULL, 0, 0),
(79, 199, NULL, NULL, 0, 0),
(81, 82, NULL, NULL, 0, 0),
(82, 462, NULL, NULL, 0, 0),
(84, 85, NULL, NULL, 0, 0),
(86, 87, NULL, NULL, 0, 0),
(88, 89, NULL, NULL, 0, 0),
(90, 91, NULL, NULL, 0, 0),
(92, 93, NULL, NULL, 0, 0),
(93, 94, NULL, NULL, 0, 0),
(95, 208, NULL, NULL, 0, 0),
(96, 97, NULL, NULL, 0, 0),
(98, 99, NULL, NULL, 0, 0),
(100, 101, NULL, NULL, 0, 0),
(102, 103, NULL, NULL, 0, 0),
(104, 105, NULL, NULL, 0, 0),
(108, 463, NULL, NULL, 0, 0),
(109, 110, NULL, NULL, 0, 0),
(111, 112, NULL, NULL, 0, 0),
(112, 464, NULL, NULL, 0, 0),
(113, 242, NULL, NULL, 0, 0),
(114, 465, NULL, NULL, 0, 0),
(116, 117, NULL, NULL, 0, 0),
(117, 230, NULL, NULL, 0, 0),
(118, 119, NULL, NULL, 0, 0),
(120, 121, NULL, NULL, 0, 0),
(123, 212, NULL, NULL, 0, 0),
(125, 466, NULL, NULL, 0, 0),
(126, 467, NULL, NULL, 0, 0),
(129, 130, NULL, NULL, 0, 0),
(133, 134, NULL, NULL, 0, 0),
(133, 135, NULL, NULL, 0, 0),
(133, 136, NULL, NULL, 0, 0),
(133, 196, NULL, NULL, 0, 0),
(133, 197, NULL, NULL, 0, 0),
(133, 470, NULL, NULL, 0, 0),
(133, 471, NULL, NULL, 0, 0),
(133, 700, NULL, NULL, 0, 0),
(137, 233, NULL, NULL, 0, 0),
(138, 139, NULL, NULL, 0, 0),
(140, 141, NULL, NULL, 0, 0),
(147, 148, NULL, NULL, 0, 0),
(148, 149, NULL, NULL, 0, 0),
(152, 153, NULL, NULL, 0, 0),
(153, 154, NULL, NULL, 0, 0),
(155, 156, NULL, NULL, 0, 0),
(156, 157, NULL, NULL, 0, 0),
(158, 159, NULL, NULL, 0, 0),
(159, 160, NULL, NULL, 0, 0),
(161, 162, NULL, NULL, 0, 0),
(163, 164, NULL, NULL, 0, 0),
(165, 166, NULL, NULL, 0, 0),
(167, 168, NULL, NULL, 0, 0),
(170, 171, NULL, NULL, 0, 0),
(172, 25, NULL, NULL, 0, 0),
(173, 35, NULL, NULL, 0, 0),
(174, 39, NULL, NULL, 0, 0),
(175, 176, NULL, NULL, 0, 0),
(176, 468, NULL, NULL, 0, 0),
(177, 178, NULL, NULL, 0, 0),
(179, 180, NULL, NULL, 0, 0),
(180, 181, NULL, NULL, 0, 0),
(183, 184, NULL, NULL, 0, 0),
(187, 188, NULL, NULL, 0, 0),
(188, 189, NULL, NULL, 0, 0),
(190, 424, NULL, NULL, 0, 0),
(191, 192, NULL, NULL, 0, 0),
(193, 469, NULL, NULL, 0, 0),
(194, 195, NULL, NULL, 0, 0),
(198, 430, NULL, NULL, 0, 0),
(200, 429, NULL, NULL, 0, 0),
(204, 205, NULL, NULL, 0, 0),
(207, 472, NULL, NULL, 0, 0),
(209, 210, NULL, NULL, 0, 0),
(215, 461, NULL, NULL, 0, 0),
(216, 217, NULL, NULL, 0, 0),
(218, 219, NULL, NULL, 0, 0),
(220, 221, NULL, NULL, 0, 0),
(221, 473, NULL, NULL, 0, 0),
(223, 224, NULL, NULL, 0, 0),
(228, 229, NULL, NULL, 0, 0),
(231, 232, NULL, NULL, 0, 0),
(233, 474, NULL, NULL, 0, 0),
(236, 106, NULL, NULL, 0, 0),
(236, 107, NULL, NULL, 0, 0),
(236, 237, NULL, NULL, 0, 0),
(238, 124, NULL, NULL, 0, 0),
(239, 125, NULL, NULL, 0, 0),
(240, 126, NULL, NULL, 0, 0),
(246, 247, NULL, NULL, 0, 0),
(247, 248, NULL, NULL, 0, 0),
(252, 253, NULL, NULL, 0, 0),
(253, 254, NULL, NULL, 0, 0),
(255, 256, NULL, NULL, 0, 0),
(256, 257, NULL, NULL, 0, 0),
(258, 259, NULL, NULL, 0, 0),
(259, 260, NULL, NULL, 0, 0),
(261, 262, NULL, NULL, 0, 0),
(263, 264, NULL, NULL, 0, 0),
(265, 266, NULL, NULL, 0, 0),
(265, 268, NULL, NULL, 0, 0),
(266, 267, NULL, NULL, 0, 0),
(268, 269, NULL, NULL, 0, 0),
(270, 271, NULL, NULL, 0, 0),
(271, 272, NULL, NULL, 0, 0),
(273, 274, NULL, NULL, 0, 0),
(274, 275, NULL, NULL, 0, 0),
(276, 277, NULL, NULL, 0, 0),
(278, 279, NULL, NULL, 0, 0),
(280, 281, NULL, NULL, 0, 0),
(281, 282, NULL, NULL, 0, 0),
(281, 475, NULL, NULL, 0, 0),
(283, 284, NULL, NULL, 0, 0),
(285, 286, NULL, NULL, 0, 0),
(287, 288, NULL, NULL, 0, 0),
(288, 289, NULL, NULL, 0, 0),
(290, 291, NULL, NULL, 0, 0),
(290, 292, NULL, NULL, 0, 0),
(293, 294, NULL, NULL, 0, 0),
(294, 295, NULL, NULL, 0, 0),
(296, 297, NULL, NULL, 0, 0),
(298, 183, NULL, NULL, 0, 0),
(299, 476, NULL, NULL, 0, 0),
(300, 301, NULL, NULL, 0, 0),
(304, 305, NULL, NULL, 0, 0),
(305, 306, NULL, NULL, 0, 0),
(307, 308, NULL, NULL, 0, 0),
(309, 310, NULL, NULL, 0, 0),
(315, 407, NULL, NULL, 0, 0),
(316, 317, NULL, NULL, 0, 0),
(318, 319, NULL, NULL, 0, 0),
(320, 321, NULL, NULL, 0, 0),
(322, 323, NULL, NULL, 0, 0),
(325, 326, NULL, NULL, 0, 0),
(328, 329, NULL, NULL, 0, 0),
(329, 330, NULL, NULL, 0, 0),
(331, 332, NULL, NULL, 0, 0),
(333, 334, NULL, NULL, 0, 0),
(339, 340, NULL, NULL, 0, 0),
(341, 342, NULL, NULL, 0, 0),
(343, 344, NULL, NULL, 0, 0),
(345, 346, NULL, NULL, 0, 0),
(347, 348, NULL, NULL, 0, 0),
(349, 350, NULL, NULL, 0, 0),
(353, 354, NULL, NULL, 0, 0),
(355, 356, NULL, NULL, 0, 0),
(356, 477, NULL, NULL, 0, 0),
(360, 202, NULL, NULL, 0, 0),
(361, 362, NULL, NULL, 0, 0),
(361, 478, NULL, NULL, 0, 0),
(363, 364, NULL, NULL, 0, 0),
(364, 365, NULL, NULL, 0, 0),
(366, 367, NULL, NULL, 0, 0),
(366, 368, NULL, NULL, 0, 0),
(371, 372, NULL, NULL, 0, 0),
(372, 373, NULL, NULL, 0, 0),
(374, 375, NULL, NULL, 0, 0),
(375, 376, NULL, NULL, 0, 0),
(387, 388, NULL, NULL, 0, 0),
(388, 389, NULL, NULL, 0, 0),
(390, 391, NULL, NULL, 0, 0),
(391, 392, NULL, NULL, 0, 0),
(393, 394, NULL, NULL, 0, 0),
(394, 395, NULL, NULL, 0, 0),
(396, 397, NULL, NULL, 0, 0),
(397, 398, NULL, NULL, 0, 0),
(399, 400, NULL, NULL, 0, 0),
(401, 402, NULL, NULL, 0, 0),
(403, 404, NULL, NULL, 0, 0),
(404, 405, NULL, NULL, 0, 0),
(406, 315, NULL, NULL, 0, 0),
(408, 409, NULL, NULL, 0, 0),
(410, 411, NULL, NULL, 0, 0),
(412, 413, NULL, NULL, 0, 0),
(412, 414, NULL, NULL, 0, 0),
(415, 416, NULL, NULL, 0, 0),
(418, 419, NULL, NULL, 0, 0),
(420, 421, NULL, NULL, 0, 0),
(422, 423, NULL, NULL, 0, 0),
(425, 426, NULL, NULL, 0, 0),
(427, 428, NULL, NULL, 0, 0),
(431, 432, NULL, NULL, 0, 0),
(433, 358, NULL, NULL, 0, 0),
(434, 435, NULL, NULL, 0, 0),
(436, 437, NULL, NULL, 0, 0),
(438, 185, NULL, NULL, 0, 0),
(439, 122, NULL, NULL, 0, 0),
(440, 113, NULL, NULL, 0, 0),
(443, 444, NULL, NULL, 0, 0),
(444, 445, NULL, NULL, 0, 0),
(446, 143, NULL, NULL, 0, 0),
(447, 448, NULL, NULL, 0, 0),
(449, 450, NULL, NULL, 0, 0),
(451, 452, NULL, NULL, 0, 0),
(453, 454, NULL, NULL, 0, 0),
(456, 457, NULL, NULL, 0, 0),
(458, 226, NULL, NULL, 0, 0),
(459, 460, NULL, NULL, 0, 0),
(495, 496, NULL, NULL, 0, 0),
(496, 497, NULL, NULL, 0, 0),
(498, 499, NULL, NULL, 0, 0),
(499, 500, NULL, NULL, 0, 0),
(501, 502, NULL, NULL, 0, 0),
(502, 503, NULL, NULL, 0, 0),
(504, 505, NULL, NULL, 0, 0),
(506, 507, NULL, NULL, 0, 0),
(507, 508, NULL, NULL, 0, 0),
(509, 510, NULL, NULL, 0, 0),
(511, 512, NULL, NULL, 0, 0),
(513, 514, NULL, NULL, 0, 0),
(515, 516, NULL, NULL, 0, 0),
(517, 518, NULL, NULL, 0, 0),
(519, 520, NULL, NULL, 0, 0),
(520, 521, NULL, NULL, 0, 0),
(522, 523, NULL, NULL, 0, 0),
(524, 525, NULL, NULL, 0, 0),
(525, 526, NULL, NULL, 0, 0),
(527, 528, NULL, NULL, 0, 0),
(529, 530, NULL, NULL, 0, 0),
(532, 533, NULL, NULL, 0, 0),
(533, 534, NULL, NULL, 0, 0),
(535, 536, NULL, NULL, 0, 0),
(536, 537, NULL, NULL, 0, 0),
(540, 541, NULL, NULL, 0, 0),
(541, 542, NULL, NULL, 0, 0),
(543, 544, NULL, NULL, 0, 0),
(544, 545, NULL, NULL, 0, 0),
(546, 547, NULL, NULL, 0, 0),
(548, 549, NULL, NULL, 0, 0),
(551, 552, NULL, NULL, 0, 0),
(552, 553, NULL, NULL, 0, 0),
(554, 555, NULL, NULL, 0, 0),
(557, 558, NULL, NULL, 0, 0),
(559, 560, NULL, NULL, 0, 0),
(562, 563, NULL, NULL, 0, 0),
(564, 565, NULL, NULL, 0, 0),
(566, 567, NULL, NULL, 0, 0),
(568, 569, NULL, NULL, 0, 0),
(570, 571, NULL, NULL, 0, 0),
(572, 573, NULL, NULL, 0, 0),
(574, 575, NULL, NULL, 0, 0),
(575, 576, NULL, NULL, 0, 0),
(577, 578, NULL, NULL, 0, 0),
(578, 579, NULL, NULL, 0, 0),
(580, 581, NULL, NULL, 0, 0),
(582, 583, NULL, NULL, 0, 0),
(583, 584, NULL, NULL, 0, 0),
(585, 586, NULL, NULL, 0, 0),
(588, 589, NULL, NULL, 0, 0),
(590, 591, NULL, NULL, 0, 0),
(592, 593, NULL, NULL, 0, 0),
(595, 596, NULL, NULL, 0, 0),
(597, 598, NULL, NULL, 0, 0),
(599, 600, NULL, NULL, 0, 0),
(600, 601, NULL, NULL, 0, 0),
(602, 603, NULL, NULL, 0, 0),
(603, 604, NULL, NULL, 0, 0),
(605, 606, NULL, NULL, 0, 0),
(607, 608, NULL, NULL, 0, 0),
(608, 609, NULL, NULL, 0, 0),
(610, 611, NULL, NULL, 0, 0),
(611, 612, NULL, NULL, 0, 0),
(613, 614, NULL, NULL, 0, 0),
(616, 617, NULL, NULL, 0, 0),
(619, 620, NULL, NULL, 0, 0),
(622, 623, NULL, NULL, 0, 0),
(624, 625, NULL, NULL, 0, 0),
(627, 628, NULL, NULL, 0, 0),
(629, 630, NULL, NULL, 0, 0),
(633, 634, NULL, NULL, 0, 0),
(634, 635, NULL, NULL, 0, 0),
(636, 637, NULL, NULL, 0, 0),
(650, 651, NULL, NULL, 0, 0),
(651, 652, NULL, NULL, 0, 0),
(653, 654, NULL, NULL, 0, 0),
(654, 655, NULL, NULL, 0, 0),
(656, 657, NULL, NULL, 0, 0),
(657, 658, NULL, NULL, 0, 0),
(659, 660, NULL, NULL, 0, 0),
(661, 662, NULL, NULL, 0, 0),
(662, 663, NULL, NULL, 0, 0),
(664, 665, NULL, NULL, 0, 0),
(665, 666, NULL, NULL, 0, 0),
(667, 668, NULL, NULL, 0, 0),
(669, 670, NULL, NULL, 0, 0),
(670, 671, NULL, NULL, 0, 0),
(672, 673, NULL, NULL, 0, 0),
(674, 675, NULL, NULL, 0, 0),
(677, 678, NULL, NULL, 0, 0),
(679, 680, NULL, NULL, 0, 0),
(680, 681, NULL, NULL, 0, 0),
(682, 683, NULL, NULL, 0, 0),
(684, 685, NULL, NULL, 0, 0),
(686, 687, NULL, NULL, 0, 0),
(688, 689, NULL, NULL, 0, 0),
(690, 691, NULL, NULL, 0, 0),
(692, 693, NULL, NULL, 0, 0),
(694, 695, NULL, NULL, 0, 0),
(696, 697, NULL, NULL, 0, 0),
(698, 699, NULL, NULL, 0, 0),
(704, 705, NULL, NULL, 0, 0),
(705, 706, NULL, NULL, 0, 0),
(708, 709, NULL, NULL, 0, 0),
(710, 711, NULL, NULL, 0, 0),
(712, 713, NULL, NULL, 0, 0),
(714, 715, NULL, NULL, 0, 0),
(722, 723, NULL, NULL, 0, 0),
(723, 724, NULL, NULL, 0, 0),
(725, 726, NULL, NULL, 0, 0),
(726, 727, NULL, NULL, 0, 0),
(728, 729, NULL, NULL, 0, 0),
(729, 730, NULL, NULL, 0, 0),
(731, 732, NULL, NULL, 0, 0),
(732, 733, NULL, NULL, 0, 0),
(734, 735, NULL, NULL, 0, 0),
(736, 737, NULL, NULL, 0, 0),
(737, 738, NULL, NULL, 0, 0),
(739, 740, NULL, NULL, 0, 0),
(742, 743, NULL, NULL, 0, 0),
(744, 745, NULL, NULL, 0, 0),
(747, 748, NULL, NULL, 0, 0),
(749, 750, NULL, NULL, 0, 0),
(751, 752, NULL, NULL, 0, 0),
(753, 754, NULL, NULL, 0, 0),
(755, 756, NULL, NULL, 0, 0),
(757, 758, NULL, NULL, 0, 0),
(759, 760, NULL, NULL, 0, 0),
(761, 762, NULL, NULL, 0, 0),
(762, 763, NULL, NULL, 0, 0),
(767, 768, NULL, NULL, 0, 0),
(769, 770, NULL, NULL, 0, 0),
(772, 773, NULL, NULL, 0, 0),
(782, 783, NULL, NULL, 0, 0),
(783, 784, NULL, NULL, 0, 0),
(789, 790, NULL, NULL, 0, 0),
(790, 791, NULL, NULL, 0, 0),
(790, 792, NULL, NULL, 0, 0),
(803, 804, NULL, NULL, 0, 0);

-- --------------------------------------------------------

--
-- Estrutura para tabela `item`
--

CREATE TABLE `item` (
  `idItem` int(10) UNSIGNED NOT NULL,
  `nome` varchar(20) DEFAULT NULL,
  `descricao` text,
  `imagem` text,
  `funcao` varchar(20) DEFAULT NULL,
  `fator` double DEFAULT NULL
) ENGINE=InnoDB DEFAULT CHARSET=latin1;

--
-- Despejando dados para a tabela `item`
--

INSERT INTO `item` (`idItem`, `nome`, `descricao`, `imagem`, `funcao`, `fator`) VALUES
(1, 'Poké Bola', 'Um dispositivo para pegar Pokémon selvagens, que é jogado como uma bola os encapsulando.', 'https://media.rankedboost.com/wp-content/uploads/2016/07/PokeBall.png', 'capturar', 0.3),
(2, 'Grande Bola', 'Poké Bola de alto rendimento. Tem um índice de êxito superior ao da Poké Bola padrão.', 'https://media.rankedboost.com/wp-content/uploads/2016/07/Great-Ball.png', 'capturar', 0.6),
(3, 'Ultra Bola', 'Poké Bola com desempenho superior. Tem índice de êxito superior ao da Grande Bola.', 'http://aux.iconspalace.com/uploads/1239819779318352436.png', 'capturar', 0.9),
(5, 'Poção', 'Remédio em spray que cura machucados e que restaura os PS de um Pokémon em 20 pontos.', 'https://db.pokemongobr.com/uploads/itens/b6568b028b3f3b70f146d97bac9017cb.png', 'curar', 20),
(6, 'Superpoção', 'Remédio em spray que cura machucados e que restaura os PS de um Pokémon em 50 pontos.', 'https://db.pokemongobr.com/uploads/itens/b700ef9c7ef1c361b78d3471e72f2506.png', 'curar', 50),
(7, 'Hiperpoção', 'Remédio em spray que cura machucados e que restaura os PS de um Pokémon em 200 pontos.', 'https://db.pokemongobr.com/uploads/itens/b700ef9c7ef1c361b78d3471e72f2506.png', 'curar', 200),
(8, 'Câmera', 'Você poderá usar a sua câmera para fotografar Pokémon selvagens quando os encontrar.', 'https://db.pokemongobr.com/uploads/itens/bf352181ef420326cffbf1ffd064f502.png', 'outros', 1),
(9, 'Doce Raro', 'Um doce misterioso. Quando é usaado em um Pokémon, se converte em um doce daquela espécie.', 'https://db.pokemongobr.com/uploads/itens/5582707c658b181fb65536d288bc860a.png', 'doce', 1),
(10, 'Escama de Dragão', 'Escama que faz com que certas espécies de Pokémon evoluam. É robusta e resistente.', 'https://db.pokemongobr.com/uploads/itens/5582707c658b181fb65536d288bc860a.png', 'evolucao', 1),
(11, 'Fruta Anaba', 'Dê esta fruta a um Pokémon para acalmá-lo e torná-lo menos imprevisível.', 'https://db.pokemongobr.com/uploads/itens/24cd8e982a826a8490052da679d35d48.png', 'capturar', 1),
(12, 'Fruta Caxi', 'Dê esta fruta a um Pokémon para receber mais doces ao pegá-lo.', 'https://db.pokemongobr.com/uploads/itens/d72aa3e2eef18bf40b33cf93782f4572.png', 'capturar', 1),
(13, 'Fruta Frambo	', 'Dê esta fruta a um pokémon pegá-lo com mais facilidade.', 'https://db.pokemongobr.com/uploads/itens/cef7ab0027b33c198a0af4f5614ed7bb.png', 'capturar', 1),
(14, 'Fruta Frambo Dourada', 'Dê isto a um pokémon para pegá-lo com mais facilidade.', 'https://db.pokemongobr.com/uploads/itens/5d2c611fdfa52d4a95fb85555104b2ef.png', 'capturar', 1),
(15, 'Incubadora de Ovo', 'Dispositivo de incubação que choca um Ovo após uma certa distância caminhada. Uso ilimitado!', 'https://db.pokemongobr.com/uploads/itens/e449e9051d5f629c1331e316c80fedb0.png', 'chocar', 1),
(16, 'Máximo Reviver', 'Remédio para reanimar Pokémon desmaiados e que também restaura todos os seus PS.', 'https://db.pokemongobr.com/uploads/itens/1db7046767c35272bb06b3939727e429.png', 'curar', 1),
(17, 'Melhora', 'Dispostivo transparente que faz com que certas espécieis de Pokémon evoluam. Produzido pela Silph Co.', 'https://db.pokemongobr.com/uploads/itens/6af15e4ae2f0e5107fb70c1aaa84cca9.png', 'evoluir', 1),
(18, 'Módulo Atrair', 'Atrai Pokémon a uma Poképarada por 30 minutos. Pode beneficiar outras pessoas por perto.', 'https://db.pokemongobr.com/uploads/itens/3d855577984fb6ff3f472e33fe4e98b0.png', 'atrair', 1),
(19, 'Ovos da Sorte', 'Um ovo cheio de felicidade e que faz você ganhar o dobro de PE por 30 minutos.', 'https://db.pokemongobr.com/uploads/itens/0c1f41092c139e9dbaa861d061d54f28.png', 'bonus', 1),
(20, 'Passe de Raid', 'Passe para participar de uma batalha de Raid. Você pode obter um passe gratuito em Ginásios uma vez por dia se ainda não tiver um.', 'https://db.pokemongobr.com/uploads/itens/d738281ebf9d6c73c3ef269cf1989cd2.png', 'passe', 1),
(21, 'Pedra do Rei', 'Pedra que faz com que certas espécies de Pokémon evoluam. Lembra uma coroa.', 'https://db.pokemongobr.com/uploads/itens/8abe2f1fe72f591870756e311e93209a.png', 'evoluir', 1),
(22, 'Pedra Solar', 'Pedra peculiar que faz com que certas espécies de Pokémon evoluam. É vermelha como o sol ao entardecer.', 'https://db.pokemongobr.com/uploads/itens/8c224fc30ebdf1304159def9cb3251f0.png', 'evoluir', 1),
(23, 'Revestimento Metálic', 'Revestimento que faz com que certas espécies de Pokémon evoluam. É uma película de metal especial.', 'https://db.pokemongobr.com/uploads/itens/f761ec4544a5e99c2b189677911ea027.png', 'evoluir', 1),
(24, 'Reviver', 'Remédio para reanimar Pokémon desmaiados e que também restaura metade de seus PS.', 'https://db.pokemongobr.com/uploads/itens/96337f12b6b6fc55e458b3283e03f8da.png', 'curar', 1);

-- --------------------------------------------------------

--
-- Estrutura para tabela `itensdabag`
--

CREATE TABLE `itensdabag` (
  `nick` varchar(15) NOT NULL,
  `idItem` int(10) UNSIGNED NOT NULL,
  `quantidade` int(11) DEFAULT NULL
) ENGINE=InnoDB DEFAULT CHARSET=latin1;

--
-- Despejando dados para a tabela `itensdabag`
--

INSERT INTO `itensdabag` (`nick`, `idItem`, `quantidade`) VALUES
('Ash Ketchum', 1, 50),
('Ash Ketchum', 2, 50),
('Ash Ketchum', 3, 20),
('Ash Ketchum', 5, 15),
('Ash Ketchum', 6, 10),
('Ash Ketchum', 7, 3),
('Ash Ketchum', 8, 1),
('Ash Ketchum', 9, 20),
('Ash Ketchum', 16, 50),
('Ash Ketchum', 24, 10),
('spiriguidiberto', 1, 100),
('spiriguidiberto', 2, 50),
('spiriguidiberto', 3, 20),
('spiriguidiberto', 5, 50),
('spiriguidiberto', 7, 20),
('spiriguidiberto', 14, 3),
('spiriguidiberto', 15, 20),
('spiriguidiberto', 16, 50),
('spiriguidiberto', 18, 10),
('spiriguidiberto', 24, 50);

-- --------------------------------------------------------

--
-- Estrutura para tabela `jogador`
--

CREATE TABLE `jogador` (
  `nick` varchar(20) NOT NULL,
  `level` int(11) DEFAULT NULL,
  `email` varchar(100) DEFAULT NULL,
  `senha` char(32) NOT NULL,
  `exp` int(11) DEFAULT NULL,
  `qtdeMaxMochila` int(11) DEFAULT NULL,
  `qtdeMaxPokemon` int(11) DEFAULT NULL,
  `equipe` enum('Team Valor','Team Instinct','Team Mystic') DEFAULT NULL,
  `dinheiro` int(11) NOT NULL,
  `genero` char(1) DEFAULT NULL
) ENGINE=InnoDB DEFAULT CHARSET=latin1;

--
-- Despejando dados para a tabela `jogador`
--

INSERT INTO `jogador` (`nick`, `level`, `email`, `senha`, `exp`, `qtdeMaxMochila`, `qtdeMaxPokemon`, `equipe`, `dinheiro`, `genero`) VALUES
('Ash Ketchum', 40, 'ash@pokemon.jp', '', 9999999, 2000, 2000, '', 0, 'M'),
('spiriguidiberto', 35, 'gustavo@spigo.net', '', 123114, 500, 550, '', 0, 'M');

-- --------------------------------------------------------

--
-- Estrutura para tabela `pokedono`
--

CREATE TABLE `pokedono` (
  `idPokeDono` int(11) NOT NULL,
  `nick` varchar(20) NOT NULL,
  `registro` int(11) NOT NULL,
  `genero` enum('Macho','Fêmea') NOT NULL,
  `Shiny` tinyint(4) NOT NULL,
  `peso` float DEFAULT NULL,
  `altura` float DEFAULT NULL,
  `PC` int(11) DEFAULT NULL,
  `PS` int(11) DEFAULT NULL,
  `kmBuddy` float NOT NULL,
  `idAtaqueRapido` int(11) DEFAULT NULL,
  `idAtaqueCarregado` int(11) DEFAULT NULL,
  `idAtaqueComprado` int(11) DEFAULT NULL,
  `nickDonoOriginal` varchar(20) NOT NULL,
  `apelido` varchar(14) DEFAULT NULL
) ENGINE=InnoDB DEFAULT CHARSET=latin1;

--
-- Despejando dados para a tabela `pokedono`
--

INSERT INTO `pokedono` (`idPokeDono`, `nick`, `registro`, `genero`, `Shiny`, `peso`, `altura`, `PC`, `PS`, `kmBuddy`, `idAtaqueRapido`, `idAtaqueCarregado`, `idAtaqueComprado`, `nickDonoOriginal`, `apelido`) VALUES
(1, 'spiriguidiberto', 4, 'Macho', 0, 91.71, 61.96, 592, 0, 0, 70, 83, 0, '', 'charchar'),
(2, 'spiriguidiberto', 5, 'Macho', 0, 208.49, 115.67, 1389, 0, 0, 92, 83, 0, '', 'char2'),
(3, 'spiriguidiberto', 10, 'Macho', 0, 31.09, 29.63, 399, 0, 0, 33, 33, 0, '', NULL),
(4, 'spiriguidiberto', 11, 'Macho', 0, 108.64, 75.53, 650, 0, 0, 106, 106, 0, '', NULL),
(5, 'spiriguidiberto', 12, 'Macho', 0, 299.74, 112.51, 1875, 0, 0, 100, 60, 0, '', NULL),
(6, 'spiriguidiberto', 14, 'Macho', 0, 95.78, 62.94, 778, 0, 0, 106, 106, 0, '', NULL),
(7, 'spiriguidiberto', 15, 'Macho', 0, 292.21, 96.88, 1711, 0, 0, 164, 97, 0, '', NULL),
(8, 'spiriguidiberto', 17, 'Macho', 0, 323.96, 104.56, 1199, 0, 0, 164, 119, 0, '', NULL),
(9, 'spiriguidiberto', 18, 'Macho', 0, 377.91, 152.03, 2210, 0, 0, 18, 119, 0, '', NULL),
(10, 'spiriguidiberto', 19, 'Macho', 0, 34.76, 32.48, 507, 0, 0, 91, 162, 0, '', NULL),
(11, 'spiriguidiberto', 21, 'Macho', 0, 19.46, 30.86, 544, 0, 0, 164, 97, 0, '', NULL),
(12, 'spiriguidiberto', 22, 'Macho', 0, 348.48, 120.97, 1487, 0, 0, 104, 97, 0, '', NULL),
(13, 'spiriguidiberto', 23, 'Macho', 0, 72.37, 198.55, 532, 0, 0, 104, 51, 0, '', NULL),
(14, 'spiriguidiberto', 24, 'Macho', 0, 639.63, 357.63, 1674, 0, 0, 89, 51, 0, '', NULL),
(15, 'spiriguidiberto', 25, 'Macho', 0, 57.97, 42.42, 1146, 0, 0, 102, 87, 0, '', NULL),
(16, 'spiriguidiberto', 26, 'Macho', 0, 326.8, 86.28, 2229, 0, 0, 164, 86, 0, '', 'raichu'),
(17, 'spiriguidiberto', 28, 'Macho', 0, 322.3, 109.86, 1719, 0, 0, 156, 154, 0, '', NULL),
(18, 'spiriguidiberto', 29, 'Macho', 0, 69.89, 39.14, 571, 0, 0, 92, 24, 0, '', NULL),
(19, 'spiriguidiberto', 31, 'Macho', 0, 626.98, 134.4, 2490, 0, 0, 104, 34, 0, '', NULL),
(20, 'spiriguidiberto', 33, 'Macho', 0, 199.62, 92.4, 1276, 0, 0, 156, 24, 0, '', NULL),
(21, 'spiriguidiberto', 34, 'Macho', 0, 675.15, 142.22, 2065, 0, 0, 5, 37, 0, '', NULL),
(22, 'spiriguidiberto', 35, 'Macho', 0, 77.77, 58.99, 1093, 0, 0, 25, 113, 0, '', NULL),
(23, 'spiriguidiberto', 36, 'Macho', 0, 370.41, 130.2, 2263, 0, 0, 85, 47, 0, '', 'clefable'),
(24, 'spiriguidiberto', 38, 'Macho', 0, 192.23, 117.61, 1806, 0, 0, 99, 39, 0, '', NULL),
(25, 'spiriguidiberto', 39, 'Macho', 0, 54.84, 54.38, 949, 0, 0, 68, 38, 0, '', NULL),
(26, 'spiriguidiberto', 41, 'Macho', 0, 80.49, 75.5, 510, 0, 0, 104, 114, 0, '', NULL),
(27, 'spiriguidiberto', 43, 'Macho', 0, 52.73, 54.93, 658, 0, 0, 92, 76, 0, '', 'oddish'),
(28, 'spiriguidiberto', 45, 'Macho', 0, 181.38, 127.09, 2001, 0, 0, 104, 79, 0, '', NULL),
(29, 'spiriguidiberto', 47, 'Macho', 0, 278.37, 98.03, 1533, 0, 0, 34, 74, 0, '', NULL),
(30, 'spiriguidiberto', 48, 'Macho', 0, 325.6, 98.45, 639, 0, 0, 92, 94, 0, '', NULL),
(31, 'spiriguidiberto', 49, 'Macho', 0, 130.54, 156.92, 1725, 0, 0, 76, 94, 0, '', NULL),
(32, 'spiriguidiberto', 50, 'Macho', 0, 7.99, 20.48, 578, 0, 0, 156, 89, 0, '', NULL),
(33, 'spiriguidiberto', 51, 'Macho', 0, 365.73, 76.49, 1539, 0, 0, 92, 89, 0, '', NULL),
(34, 'spiriguidiberto', 52, 'Macho', 0, 40.12, 42.42, 544, 0, 0, 117, 163, 0, '', NULL),
(35, 'spiriguidiberto', 53, 'Macho', 0, 341.14, 93.83, 1485, 0, 0, 38, 163, 0, '', NULL),
(36, 'spiriguidiberto', 55, 'Macho', 0, 741.18, 163.31, 1620, 0, 0, 102, 56, 0, '', NULL),
(37, 'spiriguidiberto', 56, 'Macho', 0, 256.72, 46.89, 599, 0, 0, 118, 37, 0, '', NULL),
(38, 'spiriguidiberto', 57, 'Macho', 0, 294.86, 103.21, 1630, 0, 0, 85, 37, 0, '', NULL),
(39, 'spiriguidiberto', 59, 'Macho', 0, 1450.54, 201.76, 1757, 0, 0, 38, 52, 0, '', NULL),
(40, 'spiriguidiberto', 62, 'Macho', 0, 542.44, 134.97, 2518, 0, 0, 25, 55, 0, '', NULL),
(41, 'spiriguidiberto', 63, 'Macho', 0, 189.36, 86.42, 660, 0, 0, 86, 100, 0, '', NULL),
(42, 'spiriguidiberto', 64, 'Macho', 0, 569.85, 135.38, 1447, 0, 0, 117, 115, 0, '', NULL),
(43, 'spiriguidiberto', 66, 'Macho', 0, 195.8, 72.74, 653, 0, 0, 25, 66, 0, '', 'machop'),
(44, 'spiriguidiberto', 68, 'Macho', 0, 1312.29, 155.35, 2252, 0, 0, 90, 66, 0, '', NULL),
(45, 'spiriguidiberto', 71, 'Macho', 0, 165.49, 167.64, 2396, 0, 0, 104, 79, 0, '', NULL),
(46, 'spiriguidiberto', 72, 'Macho', 0, 410.65, 94.51, 706, 0, 0, 61, 56, 0, '', 'tentacool'),
(47, 'spiriguidiberto', 73, 'Macho', 0, 512.74, 146.79, 1826, 0, 0, 164, 56, 0, '', NULL),
(48, 'spiriguidiberto', 74, 'Macho', 0, 196.32, 38.43, 649, 0, 0, 69, 153, 0, '', 'geodude'),
(49, 'spiriguidiberto', 75, 'Macho', 0, 1059.24, 104.99, 1322, 0, 0, 164, 153, 0, '', NULL),
(50, 'spiriguidiberto', 76, 'Macho', 0, 3192.45, 142.05, 2383, 0, 0, 120, 153, 0, '', NULL),
(51, 'spiriguidiberto', 78, 'Macho', 0, 997.9, 182.53, 1679, 0, 0, 102, 97, 0, '', NULL),
(52, 'spiriguidiberto', 79, 'Macho', 0, 338.31, 124.44, 622, 0, 0, 92, 94, 0, '', NULL),
(53, 'spiriguidiberto', 80, 'Macho', 0, 735.89, 149.75, 1749, 0, 0, 86, 94, 0, '', NULL),
(54, 'spiriguidiberto', 81, 'Macho', 0, 61.78, 32.54, 686, 0, 0, 86, 103, 0, '', NULL),
(55, 'spiriguidiberto', 82, 'Macho', 0, 556.75, 100.2, 1596, 0, 0, 36, 103, 0, '', NULL),
(56, 'spiriguidiberto', 83, 'Macho', 0, 162.29, 80.02, 1368, 0, 0, 156, 163, 0, '', NULL),
(57, 'spiriguidiberto', 85, 'Macho', 0, 894.63, 182, 1616, 0, 0, 92, 97, 0, '', NULL),
(58, 'spiriguidiberto', 87, 'Macho', 0, 1202.57, 180.9, 1575, 0, 0, 59, 58, 0, '', NULL),
(59, 'spiriguidiberto', 89, 'Macho', 0, 278.18, 111.63, 1870, 0, 0, 63, 151, 0, '', NULL),
(60, 'spiriguidiberto', 90, 'Macho', 0, 41.53, 28.15, 600, 0, 0, 153, 58, 0, '', NULL),
(61, 'spiriguidiberto', 92, 'Macho', 0, 1.08, 118.56, 572, 0, 0, 164, 138, 0, '', NULL),
(62, 'spiriguidiberto', 93, 'Macho', 0, 0.98, 166.04, 1504, 0, 0, 120, 138, 0, '', NULL),
(63, 'spiriguidiberto', 96, 'Macho', 0, 297.94, 91.53, 656, 0, 0, 148, 96, 0, '', NULL),
(64, 'spiriguidiberto', 97, 'Macho', 0, 754.7, 146.69, 1788, 0, 0, 138, 96, 0, '', NULL),
(65, 'spiriguidiberto', 100, 'Macho', 0, 107.13, 47.47, 638, 0, 0, 148, 153, 0, '', NULL),
(66, 'spiriguidiberto', 101, 'Macho', 0, 687.92, 131.35, 1817, 0, 0, 87, 153, 0, '', NULL),
(67, 'spiriguidiberto', 103, 'Macho', 0, 1147.57, 185.62, 1955, 0, 0, 94, 23, 0, '', NULL),
(68, 'spiriguidiberto', 105, 'Macho', 0, 445.42, 107.28, 1478, 0, 0, 130, 99, 0, '', NULL),
(69, 'spiriguidiberto', 107, 'Macho', 0, 520.18, 150.12, 1595, 0, 0, 68, 68, 0, '', NULL),
(70, 'spiriguidiberto', 108, 'Macho', 0, 615.13, 108.9, 741, 0, 0, 117, 103, 0, '', NULL),
(71, 'spiriguidiberto', 109, 'Macho', 0, 9.4, 63.24, 668, 0, 0, 92, 153, 0, '', NULL),
(72, 'spiriguidiberto', 111, 'Macho', 0, 1064.99, 90.3, 650, 0, 0, 156, 36, 0, '', NULL),
(73, 'spiriguidiberto', 113, 'Macho', 0, 345.41, 99.34, 3935, 0, 0, 130, 38, 0, '', NULL),
(74, 'spiriguidiberto', 114, 'Macho', 0, 363.86, 101.71, 893, 0, 0, 34, 74, 0, '', NULL),
(75, 'spiriguidiberto', 117, 'Macho', 0, 226.63, 126.77, 1528, 0, 0, 99, 56, 0, '', NULL),
(76, 'spiriguidiberto', 118, 'Macho', 0, 164.83, 55.83, 696, 0, 0, 32, 97, 0, '', NULL),
(77, 'spiriguidiberto', 120, 'Macho', 0, 312.45, 85.51, 671, 0, 0, 57, 56, 0, '', NULL),
(78, 'spiriguidiberto', 123, 'Macho', 0, 521.89, 153.26, 1046, 0, 0, 63, 97, 0, '', NULL),
(79, 'spiriguidiberto', 126, 'Macho', 0, 472.76, 132.01, 1613, 0, 0, 66, 53, 0, '', 'magmar'),
(80, 'spiriguidiberto', 127, 'Macho', 0, 530.84, 161.58, 1895, 0, 0, 156, 14, 0, '', 'pinsir'),
(81, 'spiriguidiberto', 128, 'Macho', 0, 918.92, 132.55, 1692, 0, 0, 117, 36, 0, '', NULL),
(82, 'spiriguidiberto', 129, 'Macho', 0, 104.73, 88.97, 366, 0, 0, 150, 33, 0, '', NULL),
(83, 'spiriguidiberto', 130, 'Macho', 0, 2559.42, 587.4, 1916, 0, 0, 59, 63, 0, '', NULL),
(84, 'spiriguidiberto', 131, 'Macho', 0, 2178.44, 239.87, 1802, 0, 0, 92, 56, 0, '', 'lapras'),
(85, 'spiriguidiberto', 133, 'Macho', 0, 59.06, 31.71, 690, 0, 0, 164, 36, 0, '', NULL),
(86, 'spiriguidiberto', 134, 'Macho', 0, 262.2, 105.26, 1943, 0, 0, 55, 56, 0, '', NULL),
(87, 'spiriguidiberto', 135, 'Macho', 0, 231.62, 86.04, 1933, 0, 0, 130, 87, 0, '', 'jolteon'),
(88, 'spiriguidiberto', 136, 'Macho', 0, 229.28, 86.17, 1673, 0, 0, 38, 53, 0, '', NULL),
(89, 'spiriguidiberto', 137, 'Macho', 0, 335.51, 74.36, 834, 0, 0, 156, 161, 0, '', NULL),
(90, 'spiriguidiberto', 139, 'Macho', 0, 335.35, 100.63, 1663, 0, 0, 61, 56, 0, '', NULL),
(91, 'spiriguidiberto', 141, 'Macho', 0, 411.36, 119.37, 1649, 0, 0, 66, 56, 0, '', NULL),
(92, 'spiriguidiberto', 142, 'Macho', 0, 627.07, 182.69, 1680, 0, 0, 143, 63, 0, '', NULL),
(93, 'spiriguidiberto', 147, 'Macho', 0, 35.65, 194.55, 604, 0, 0, 86, 63, 0, '', NULL),
(94, 'spiriguidiberto', 148, 'Macho', 0, 153.86, 425.55, 1616, 0, 0, 129, 63, 0, '', NULL),
(95, 'spiriguidiberto', 149, 'Macho', 0, 2227.13, 202.36, 2775, 0, 0, 55, 63, 0, '', NULL),
(96, 'spiriguidiberto', 150, 'Macho', 0, 1271.62, 209.15, 3127, 0, 0, 99, 133, 0, '', NULL),
(97, 'spiriguidiberto', 151, 'Macho', 0, 41.26, 43.56, 2492, 0, 0, 104, 94, 0, '', NULL),
(98, 'Ash Ketchum', 1, 'Macho', 0, 71.3, 69.11, 700, 0, 0, 92, 76, 0, '', NULL),
(99, 'Ash Ketchum', 2, 'Macho', 0, 134.68, 102.54, 1541, 0, 0, 72, 76, 0, '', NULL),
(100, 'Ash Ketchum', 3, 'Macho', 0, 960.07, 215.8, 2377, 0, 0, 92, 76, 0, '', NULL),
(101, 'Ash Ketchum', 4, 'Macho', 0, 88.16, 62.85, 628, 0, 0, 130, 83, 0, '', NULL),
(102, 'Ash Ketchum', 5, 'Macho', 0, 173.55, 120.22, 1408, 0, 0, 91, 83, 0, '', NULL),
(103, 'Ash Ketchum', 6, 'Macho', 0, 843.1, 161.92, 2244, 0, 0, 164, 83, 0, '', NULL),
(104, 'Ash Ketchum', 7, 'Macho', 0, 94.33, 53.89, 643, 0, 0, 104, 56, 0, '', NULL),
(105, 'Ash Ketchum', 8, 'Macho', 0, 218.52, 90.78, 1537, 0, 0, 68, 56, 0, '', NULL),
(106, 'Ash Ketchum', 9, 'Macho', 0, 781.17, 158.48, 2452, 0, 0, 63, 56, 0, '', NULL),
(107, 'Ash Ketchum', 10, 'Macho', 0, 28.72, 32.12, 388, 0, 0, 33, 81, 0, '', NULL),
(108, 'Ash Ketchum', 11, 'Macho', 0, 91.22, 74.84, 681, 0, 0, 106, 106, 0, '', 'metapod'),
(109, 'Ash Ketchum', 13, 'Macho', 0, 30.87, 27.17, 418, 0, 0, 40, 40, 0, '', NULL),
(110, 'Ash Ketchum', 14, 'Macho', 0, 105.29, 63.8, 648, 0, 0, 106, 106, 0, '', NULL),
(111, 'Ash Ketchum', 19, 'Macho', 0, 32.1, 29.49, 494, 0, 0, 130, 162, 0, '', NULL),
(112, 'Ash Ketchum', 22, 'Macho', 0, 379.1, 123.16, 1685, 0, 0, 129, 97, 0, '', NULL),
(113, 'Ash Ketchum', 24, 'Macho', 0, 654.12, 318.19, 1582, 0, 0, 130, 51, 0, '', NULL),
(114, 'Ash Ketchum', 25, 'Macho', 0, 55.18, 38.4, 1022, 0, 0, 25, 87, 0, '', NULL),
(115, 'Ash Ketchum', 27, 'Macho', 0, 126.57, 58.13, 561, 0, 0, 157, 154, 0, '', 'sandshrew'),
(116, 'Ash Ketchum', 28, 'Macho', 0, 323.05, 103.56, 1443, 0, 0, 15, 154, 0, '', NULL),
(117, 'Ash Ketchum', 29, 'Macho', 0, 73.21, 37.5, 585, 0, 0, 34, 24, 0, '', NULL),
(118, 'Ash Ketchum', 30, 'Macho', 0, 199.31, 81.64, 1392, 0, 0, 99, 24, 0, '', NULL),
(119, 'Ash Ketchum', 34, 'Macho', 0, 611.19, 131.54, 2186, 0, 0, 157, 37, 0, '', 'nidoking'),
(120, 'Ash Ketchum', 35, 'Macho', 0, 82.16, 58.46, 1131, 0, 0, 118, 113, 0, '', NULL),
(121, 'Ash Ketchum', 36, 'Macho', 0, 412.6, 129.5, 2359, 0, 0, 102, 107, 0, '', NULL),
(122, 'Ash Ketchum', 37, 'Macho', 0, 90.56, 60.76, 652, 0, 0, 117, 83, 0, '', NULL),
(123, 'Ash Ketchum', 38, 'Macho', 0, 193.85, 101.2, 1800, 0, 0, 38, 52, 0, '', NULL),
(124, 'Ash Ketchum', 39, 'Macho', 0, 59.6, 48.96, 931, 0, 0, 5, 38, 0, '', NULL),
(125, 'Ash Ketchum', 40, 'Macho', 0, 119.35, 91.94, 1930, 0, 0, 5, 50, 0, '', NULL),
(126, 'Ash Ketchum', 41, 'Macho', 0, 73.7, 87.78, 509, 0, 0, 117, 114, 0, '', NULL),
(127, 'Ash Ketchum', 42, 'Macho', 0, 561.63, 152.36, 1618, 0, 0, 104, 114, 0, '', NULL),
(128, 'Ash Ketchum', 43, 'Macho', 0, 56.34, 49.04, 669, 0, 0, 102, 76, 0, '', NULL),
(129, 'Ash Ketchum', 44, 'Macho', 0, 92.21, 84.82, 1472, 0, 0, 104, 76, 0, '', NULL),
(130, 'Ash Ketchum', 50, 'Macho', 0, 7.37, 21.41, 571, 0, 0, 99, 89, 0, '', NULL),
(131, 'Ash Ketchum', 53, 'Macho', 0, 336.3, 100.72, 1513, 0, 0, 63, 163, 0, '', NULL),
(132, 'Ash Ketchum', 54, 'Macho', 0, 184.8, 74.61, 700, 0, 0, 59, 56, 0, '', NULL),
(133, 'Ash Ketchum', 55, 'Macho', 0, 719.53, 158.81, 1670, 0, 0, 70, 56, 0, '', NULL),
(134, 'Ash Ketchum', 56, 'Macho', 0, 268.93, 52.91, 578, 0, 0, 87, 37, 0, '', 'mankey'),
(135, 'Ash Ketchum', 58, 'Macho', 0, 194.71, 68.56, 710, 0, 0, 99, 53, 0, '', NULL),
(136, 'Ash Ketchum', 59, 'Macho', 0, 1509.19, 173.35, 1847, 0, 0, 117, 46, 0, '', NULL),
(137, 'Ash Ketchum', 60, 'Macho', 0, 126.24, 64.36, 624, 0, 0, 38, 56, 0, '', NULL),
(138, 'Ash Ketchum', 62, 'Macho', 0, 553.08, 134.27, 2291, 0, 0, 99, 55, 0, '', NULL),
(139, 'Ash Ketchum', 63, 'Macho', 0, 180.92, 82.05, 584, 0, 0, 115, 100, 0, '', NULL),
(140, 'Ash Ketchum', 64, 'Macho', 0, 615.27, 138.02, 1532, 0, 0, 161, 115, 0, '', 'kadabra'),
(141, 'Ash Ketchum', 65, 'Macho', 0, 499.2, 163.59, 2107, 0, 0, 63, 115, 0, '', NULL),
(142, 'Ash Ketchum', 66, 'Macho', 0, 213.09, 75.17, 656, 0, 0, 36, 66, 0, '', NULL),
(143, 'Ash Ketchum', 67, 'Macho', 0, 696.42, 151.08, 1340, 0, 0, 34, 66, 0, '', NULL),
(144, 'Ash Ketchum', 68, 'Macho', 0, 1405.81, 174.17, 2435, 0, 0, 91, 66, 0, '', NULL),
(145, 'Ash Ketchum', 69, 'Macho', 0, 37.08, 72.7, 659, 0, 0, 117, 21, 0, '', NULL),
(146, 'Ash Ketchum', 70, 'Macho', 0, 65.21, 107.77, 1423, 0, 0, 104, 21, 0, '', NULL),
(147, 'Ash Ketchum', 71, 'Macho', 0, 163.01, 153.08, 2400, 0, 0, 34, 79, 0, '', NULL),
(148, 'Ash Ketchum', 72, 'Macho', 0, 418.03, 90.8, 644, 0, 0, 164, 56, 0, '', NULL),
(149, 'Ash Ketchum', 73, 'Macho', 0, 541.76, 160.52, 1933, 0, 0, 115, 56, 0, '', NULL),
(150, 'Ash Ketchum', 74, 'Macho', 0, 187.97, 38.5, 647, 0, 0, 126, 153, 0, '', NULL),
(151, 'Ash Ketchum', 75, 'Macho', 0, 1025.1, 94.03, 1480, 0, 0, 104, 153, 0, '', NULL),
(152, 'Ash Ketchum', 77, 'Macho', 0, 319.95, 92.17, 796, 0, 0, 115, 97, 0, '', NULL),
(153, 'Ash Ketchum', 79, 'Macho', 0, 324.01, 116.72, 594, 0, 0, 164, 94, 0, '', NULL),
(154, 'Ash Ketchum', 81, 'Macho', 0, 58.56, 29.16, 695, 0, 0, 164, 103, 0, '', NULL),
(155, 'Ash Ketchum', 82, 'Macho', 0, 618.65, 103.27, 1534, 0, 0, 102, 103, 0, '', NULL),
(156, 'Ash Ketchum', 83, 'Macho', 0, 144.06, 73.94, 1310, 0, 0, 164, 163, 0, '', NULL),
(157, 'Ash Ketchum', 87, 'Macho', 0, 1116.08, 185.78, 1581, 0, 0, 117, 58, 0, '', 'dewgong'),
(158, 'Ash Ketchum', 88, 'Macho', 0, 314.07, 96.18, 708, 0, 0, 99, 151, 0, '', 'grimer'),
(159, 'Ash Ketchum', 89, 'Macho', 0, 280.75, 131.86, 1914, 0, 0, 85, 151, 0, '', NULL),
(160, 'Ash Ketchum', 90, 'Macho', 0, 41.67, 29.32, 637, 0, 0, 58, 58, 0, '', NULL),
(161, 'Ash Ketchum', 91, 'Macho', 0, 1223.83, 163.4, 1980, 0, 0, 117, 131, 0, '', NULL),
(162, 'Ash Ketchum', 93, 'Macho', 0, 1.09, 164.99, 1372, 0, 0, 87, 138, 0, '', NULL),
(163, 'Ash Ketchum', 95, 'Macho', 0, 2226, 957.16, 799, 0, 0, 91, 106, 0, '', NULL),
(164, 'Ash Ketchum', 100, 'Macho', 0, 97.88, 50.9, 657, 0, 0, 115, 153, 0, '', NULL),
(165, 'Ash Ketchum', 102, 'Macho', 0, 22.77, 36.34, 595, 0, 0, 115, 79, 0, '', 'exeggcute'),
(166, 'Ash Ketchum', 104, 'Macho', 0, 64.84, 36.39, 635, 0, 0, 69, 99, 0, '', NULL),
(167, 'Ash Ketchum', 105, 'Macho', 0, 411.04, 103.29, 1606, 0, 0, 89, 99, 0, '', NULL),
(168, 'Ash Ketchum', 108, 'Macho', 0, 631.07, 123.68, 792, 0, 0, 36, 103, 0, '', NULL),
(169, 'Ash Ketchum', 109, 'Macho', 0, 9.46, 54.4, 617, 0, 0, 87, 153, 0, '', NULL),
(170, 'Ash Ketchum', 112, 'Macho', 0, 1287.59, 181.53, 1535, 0, 0, 90, 36, 0, '', NULL),
(171, 'Ash Ketchum', 114, 'Macho', 0, 335.76, 105.1, 883, 0, 0, 36, 74, 0, '', NULL),
(172, 'Ash Ketchum', 115, 'Macho', 0, 870.08, 214.48, 1699, 0, 0, 126, 146, 0, '', NULL),
(173, 'Ash Ketchum', 116, 'Macho', 0, 79.61, 40.2, 643, 0, 0, 92, 56, 0, '', NULL),
(174, 'Ash Ketchum', 118, 'Macho', 0, 145.83, 55.87, 646, 0, 0, 55, 97, 0, '', NULL),
(175, 'Ash Ketchum', 119, 'Macho', 0, 362.18, 121.8, 1583, 0, 0, 57, 97, 0, '', NULL),
(176, 'Ash Ketchum', 120, 'Macho', 0, 311.63, 83.11, 675, 0, 0, 36, 56, 0, '', NULL),
(177, 'Ash Ketchum', 121, 'Macho', 0, 789.06, 103.11, 1756, 0, 0, 94, 55, 0, '', NULL),
(178, 'Ash Ketchum', 124, 'Macho', 0, 411, 140.44, 1568, 0, 0, 36, 59, 0, '', NULL),
(179, 'Ash Ketchum', 125, 'Macho', 0, 311.32, 115.02, 1630, 0, 0, 69, 87, 0, '', NULL),
(180, 'Ash Ketchum', 126, 'Macho', 0, 440.44, 119.34, 1575, 0, 0, 5, 53, 0, '', NULL),
(181, 'Ash Ketchum', 127, 'Macho', 0, 605, 145.93, 1882, 0, 0, 38, 14, 0, '', NULL),
(182, 'Ash Ketchum', 128, 'Macho', 0, 964.51, 144.47, 1676, 0, 0, 89, 36, 0, '', NULL),
(183, 'Ash Ketchum', 130, 'Macho', 0, 2428.74, 699.42, 2011, 0, 0, 87, 63, 0, '', NULL),
(184, 'Ash Ketchum', 131, 'Macho', 0, 2155.74, 250.12, 1869, 0, 0, 87, 56, 0, '', NULL),
(185, 'Ash Ketchum', 132, 'Macho', 0, 40.28, 28.04, 1010, 0, 0, 144, 144, 0, '', NULL),
(186, 'Ash Ketchum', 134, 'Macho', 0, 296.96, 102.18, 1839, 0, 0, 102, 56, 0, '', NULL),
(187, 'Ash Ketchum', 135, 'Macho', 0, 265.45, 81.58, 2022, 0, 0, 85, 87, 0, '', NULL),
(188, 'Ash Ketchum', 139, 'Macho', 0, 372.2, 98.98, 1861, 0, 0, 63, 56, 0, '', NULL),
(189, 'Ash Ketchum', 140, 'Macho', 0, 104.83, 50.9, 672, 0, 0, 164, 56, 0, '', 'kabuto'),
(190, 'Ash Ketchum', 141, 'Macho', 0, 393.32, 122.1, 1855, 0, 0, 117, 56, 0, '', NULL),
(191, 'Ash Ketchum', 142, 'Macho', 0, 624.02, 168.5, 1711, 0, 0, 115, 63, 0, '', NULL),
(192, 'Ash Ketchum', 144, 'Macho', 0, 531.93, 155.26, 2773, 0, 0, 92, 54, 0, '', NULL),
(193, 'Ash Ketchum', 145, 'Macho', 0, 535.81, 166, 2746, 0, 0, 36, 113, 0, '', 'zapdos'),
(194, 'Ash Ketchum', 146, 'Macho', 0, 647.6, 198.73, 2526, 0, 0, 126, 143, 0, '', NULL),
(195, 'Ash Ketchum', 148, 'Macho', 0, 161.41, 396.83, 1568, 0, 0, 156, 63, 0, '', NULL),
(196, 'Ash Ketchum', 149, 'Macho', 0, 2277.65, 220.95, 2627, 0, 0, 36, 63, 0, '', NULL),
(197, 'Ash Ketchum', 150, 'Macho', 0, 1301.11, 197.05, 3108, 0, 0, 100, 133, 0, '', NULL);

-- --------------------------------------------------------

--
-- Estrutura para tabela `pokemon`
--

CREATE TABLE `pokemon` (
  `registro` int(11) NOT NULL,
  `nome` varchar(50) CHARACTER SET utf8mb4 COLLATE utf8mb4_unicode_ci DEFAULT NULL,
  `tipo1` enum('Bug','Dark','Dragon','Electric','Fairy','Fighting','Fire','Flying','Ghost','Grass','Ground','Ice','Normal','Poison','Psychic','Rock','Steel','Water') DEFAULT NULL,
  `tipo2` enum('Bug','Dark','Dragon','Electric','Fairy','Fighting','Fire','Flying','Ghost','Grass','Ground','Ice','Normal','Poison','Psychic','Rock','Steel','Water') DEFAULT NULL,
  `lendario` tinyint(1) NOT NULL,
  `existeShiny` tinyint(4) DEFAULT NULL,
  `regional` enum('América do Norte','Austrália','Europa','Ásia','América Latina, Florida do Sul e Texas','Trópicos') DEFAULT NULL,
  `geracao` int(11) NOT NULL
) ENGINE=InnoDB DEFAULT CHARSET=latin1;

--
-- Despejando dados para a tabela `pokemon`
--

INSERT INTO `pokemon` (`registro`, `nome`, `tipo1`, `tipo2`, `lendario`, `existeShiny`, `regional`, `geracao`) VALUES
(1, 'Bulbasaur', 'Grass', 'Poison', 0, NULL, NULL, 1),
(2, 'Ivysaur', 'Grass', 'Poison', 0, NULL, NULL, 1),
(3, 'Venusaur', 'Grass', 'Poison', 0, NULL, NULL, 1),
(4, 'Charmander', 'Fire', NULL, 0, NULL, NULL, 1),
(5, 'Charmeleon', 'Fire', NULL, 0, NULL, NULL, 1),
(6, 'Charizard', 'Fire', 'Flying', 10, NULL, NULL, 1),
(7, 'Squirtle', NULL, NULL, 0, NULL, NULL, 1),
(8, 'Wartortle', NULL, NULL, 0, NULL, NULL, 1),
(9, 'Blastoise', NULL, NULL, 0, NULL, NULL, 1),
(10, 'Caterpie', NULL, NULL, 0, NULL, NULL, 1),
(11, 'Metapod', NULL, NULL, 0, NULL, NULL, 1),
(12, 'Butterfree', NULL, NULL, 0, NULL, NULL, 1),
(13, 'Weedle', NULL, NULL, 0, NULL, NULL, 1),
(14, 'Kakuna', NULL, NULL, 0, NULL, NULL, 1),
(15, 'Beedrill', NULL, NULL, 0, NULL, NULL, 1),
(16, 'Pidgey', NULL, NULL, 0, NULL, NULL, 1),
(17, 'Pidgeotto', NULL, NULL, 0, NULL, NULL, 1),
(18, 'Pidgeot', NULL, NULL, 0, NULL, NULL, 1),
(19, 'Rattata', NULL, NULL, 0, NULL, NULL, 1),
(20, 'Raticate', NULL, NULL, 0, NULL, NULL, 1),
(21, 'Spearow', NULL, NULL, 0, NULL, NULL, 1),
(22, 'Fearow', NULL, NULL, 0, NULL, NULL, 1),
(23, 'Ekans', NULL, NULL, 0, NULL, NULL, 1),
(24, 'Arbok', NULL, NULL, 0, NULL, NULL, 1),
(25, 'Pikachu', NULL, NULL, 0, NULL, NULL, 1),
(26, 'Raichu', NULL, NULL, 0, NULL, NULL, 1),
(27, 'Sandshrew', NULL, NULL, 0, NULL, NULL, 1),
(28, 'Sandslash', NULL, NULL, 0, NULL, NULL, 1),
(29, 'Nidoran♀', NULL, NULL, 0, NULL, NULL, 1),
(30, 'Nidorina', NULL, NULL, 0, NULL, NULL, 1),
(31, 'Nidoqueen', NULL, NULL, 0, NULL, NULL, 1),
(32, 'Nidoran♂', NULL, NULL, 0, NULL, NULL, 1),
(33, 'Nidorino', NULL, NULL, 0, NULL, NULL, 1),
(34, 'Nidoking', NULL, NULL, 0, NULL, NULL, 1),
(35, 'Clefairy', NULL, NULL, 0, NULL, NULL, 1),
(36, 'Clefable', NULL, NULL, 0, NULL, NULL, 1),
(37, 'Vulpix', NULL, NULL, 0, NULL, NULL, 1),
(38, 'Ninetales', NULL, NULL, 0, NULL, NULL, 1),
(39, 'Jigglypuff', NULL, NULL, 0, NULL, NULL, 1),
(40, 'Wigglytuff', NULL, NULL, 0, NULL, NULL, 1),
(41, 'Zubat', NULL, NULL, 0, NULL, NULL, 1),
(42, 'Golbat', NULL, NULL, 0, NULL, NULL, 1),
(43, 'Oddish', NULL, NULL, 0, NULL, NULL, 1),
(44, 'Gloom', NULL, NULL, 0, NULL, NULL, 1),
(45, 'Vileplume', NULL, NULL, 0, NULL, NULL, 1),
(46, 'Paras', NULL, NULL, 0, NULL, NULL, 1),
(47, 'Parasect', NULL, NULL, 0, NULL, NULL, 1),
(48, 'Venonat', NULL, NULL, 0, NULL, NULL, 1),
(49, 'Venomoth', NULL, NULL, 0, NULL, NULL, 1),
(50, 'Diglett', NULL, NULL, 0, NULL, NULL, 1),
(51, 'Dugtrio', NULL, NULL, 0, NULL, NULL, 1),
(52, 'Meowth', NULL, NULL, 0, NULL, NULL, 1),
(53, 'Persian', NULL, NULL, 0, NULL, NULL, 1),
(54, 'Psyduck', NULL, NULL, 0, NULL, NULL, 1),
(55, 'Golduck', NULL, NULL, 0, NULL, NULL, 1),
(56, 'Mankey', NULL, NULL, 0, NULL, NULL, 1),
(57, 'Primeape', NULL, NULL, 0, NULL, NULL, 1),
(58, 'Growlithe', NULL, NULL, 0, NULL, NULL, 1),
(59, 'Arcanine', NULL, NULL, 0, NULL, NULL, 1),
(60, 'Poliwag', NULL, NULL, 0, NULL, NULL, 1),
(61, 'Poliwhirl', NULL, NULL, 0, NULL, NULL, 1),
(62, 'Poliwrath', NULL, NULL, 0, NULL, NULL, 1),
(63, 'Abra', NULL, NULL, 0, NULL, NULL, 1),
(64, 'Kadabra', NULL, NULL, 0, NULL, NULL, 1),
(65, 'Alakazam', NULL, NULL, 0, NULL, NULL, 1),
(66, 'Machop', NULL, NULL, 0, NULL, NULL, 1),
(67, 'Machoke', NULL, NULL, 0, NULL, NULL, 1),
(68, 'Machamp', NULL, NULL, 0, NULL, NULL, 1),
(69, 'Bellsprout', NULL, NULL, 0, NULL, NULL, 1),
(70, 'Weepinbell', NULL, NULL, 0, NULL, NULL, 1),
(71, 'Victreebel', NULL, NULL, 0, NULL, NULL, 1),
(72, 'Tentacool', NULL, NULL, 0, NULL, NULL, 1),
(73, 'Tentacruel', NULL, NULL, 0, NULL, NULL, 1),
(74, 'Geodude', NULL, NULL, 0, NULL, NULL, 1),
(75, 'Graveler', NULL, NULL, 0, NULL, NULL, 1),
(76, 'Golem', NULL, NULL, 0, NULL, NULL, 1),
(77, 'Ponyta', NULL, NULL, 0, NULL, NULL, 1),
(78, 'Rapidash', NULL, NULL, 0, NULL, NULL, 1),
(79, 'Slowpoke', NULL, NULL, 0, NULL, NULL, 1),
(80, 'Slowbro', NULL, NULL, 0, NULL, NULL, 1),
(81, 'Magnemite', NULL, NULL, 0, NULL, NULL, 1),
(82, 'Magneton', NULL, NULL, 0, NULL, NULL, 1),
(83, 'Farfetch\'d', NULL, NULL, 0, NULL, NULL, 1),
(84, 'Doduo', NULL, NULL, 0, NULL, NULL, 1),
(85, 'Dodrio', NULL, NULL, 0, NULL, NULL, 1),
(86, 'Seel', NULL, NULL, 0, NULL, NULL, 1),
(87, 'Dewgong', NULL, NULL, 0, NULL, NULL, 1),
(88, 'Grimer', NULL, NULL, 0, NULL, NULL, 1),
(89, 'Muk', NULL, NULL, 0, NULL, NULL, 1),
(90, 'Shellder', NULL, NULL, 0, NULL, NULL, 1),
(91, 'Cloyster', NULL, NULL, 0, NULL, NULL, 1),
(92, 'Gastly', NULL, NULL, 0, NULL, NULL, 1),
(93, 'Haunter', NULL, NULL, 0, NULL, NULL, 1),
(94, 'Gengar', NULL, NULL, 0, NULL, NULL, 1),
(95, 'Onix', NULL, NULL, 0, NULL, NULL, 1),
(96, 'Drowzee', NULL, NULL, 0, NULL, NULL, 1),
(97, 'Hypno', NULL, NULL, 0, NULL, NULL, 1),
(98, 'Krabby', NULL, NULL, 0, NULL, NULL, 1),
(99, 'Kingler', NULL, NULL, 0, NULL, NULL, 1),
(100, 'Voltorb', NULL, NULL, 0, NULL, NULL, 1),
(101, 'Electrode', NULL, NULL, 0, NULL, NULL, 1),
(102, 'Exeggcute', NULL, NULL, 0, NULL, NULL, 1),
(103, 'Exeggutor', NULL, NULL, 0, NULL, NULL, 1),
(104, 'Cubone', NULL, NULL, 0, NULL, NULL, 1),
(105, 'Marowak', NULL, NULL, 0, NULL, NULL, 1),
(106, 'Hitmonlee', NULL, NULL, 0, NULL, NULL, 1),
(107, 'Hitmonchan', NULL, NULL, 0, NULL, NULL, 1),
(108, 'Lickitung', NULL, NULL, 0, NULL, NULL, 1),
(109, 'Koffing', NULL, NULL, 0, NULL, NULL, 1),
(110, 'Weezing', NULL, NULL, 0, NULL, NULL, 1),
(111, 'Rhyhorn', NULL, NULL, 0, NULL, NULL, 1),
(112, 'Rhydon', NULL, NULL, 0, NULL, NULL, 1),
(113, 'Chansey', NULL, NULL, 0, NULL, NULL, 1),
(114, 'Tangela', NULL, NULL, 0, NULL, NULL, 1),
(115, 'Kangaskhan', NULL, NULL, 0, NULL, NULL, 1),
(116, 'Horsea', NULL, NULL, 0, NULL, NULL, 1),
(117, 'Seadra', NULL, NULL, 0, NULL, NULL, 1),
(118, 'Goldeen', NULL, NULL, 0, NULL, NULL, 1),
(119, 'Seaking', NULL, NULL, 0, NULL, NULL, 1),
(120, 'Staryu', NULL, NULL, 0, NULL, NULL, 1),
(121, 'Starmie', NULL, NULL, 0, NULL, NULL, 1),
(122, 'Mr. Mime', NULL, NULL, 0, NULL, NULL, 1),
(123, 'Scyther', NULL, NULL, 0, NULL, NULL, 1),
(124, 'Jynx', NULL, NULL, 0, NULL, NULL, 1),
(125, 'Electabuzz', NULL, NULL, 0, NULL, NULL, 1),
(126, 'Magmar', NULL, NULL, 0, NULL, NULL, 1),
(127, 'Pinsir', NULL, NULL, 0, NULL, NULL, 1),
(128, 'Tauros', NULL, NULL, 0, NULL, NULL, 1),
(129, 'Magikarp', NULL, NULL, 0, NULL, NULL, 1),
(130, 'Gyarados', NULL, NULL, 0, NULL, NULL, 1),
(131, 'Lapras', NULL, NULL, 0, NULL, NULL, 1),
(132, 'Ditto', NULL, NULL, 0, NULL, NULL, 1),
(133, 'Eevee', NULL, NULL, 0, NULL, NULL, 1),
(134, 'Vaporeon', NULL, NULL, 0, NULL, NULL, 1),
(135, 'Jolteon', NULL, NULL, 0, NULL, NULL, 1),
(136, 'Flareon', NULL, NULL, 0, NULL, NULL, 1),
(137, 'Porygon', NULL, NULL, 0, NULL, NULL, 1),
(138, 'Omanyte', NULL, NULL, 0, NULL, NULL, 1),
(139, 'Omastar', NULL, NULL, 0, NULL, NULL, 1),
(140, 'Kabuto', NULL, NULL, 0, NULL, NULL, 1),
(141, 'Kabutops', NULL, NULL, 0, NULL, NULL, 1),
(142, 'Aerodactyl', NULL, NULL, 0, NULL, NULL, 1),
(143, 'Snorlax', NULL, NULL, 0, NULL, NULL, 1),
(144, 'Articuno', NULL, NULL, 1, NULL, NULL, 1),
(145, 'Zapdos', NULL, NULL, 1, NULL, NULL, 1),
(146, 'Moltres', NULL, NULL, 1, NULL, NULL, 1),
(147, 'Dratini', NULL, NULL, 0, NULL, NULL, 1),
(148, 'Dragonair', NULL, NULL, 0, NULL, NULL, 1),
(149, 'Dragonite', NULL, NULL, 0, NULL, NULL, 1),
(150, 'Mewtwo', NULL, NULL, 1, NULL, NULL, 1),
(151, 'Mew', NULL, NULL, 0, NULL, NULL, 1),
(152, 'Chikorita', NULL, NULL, 0, NULL, NULL, 2),
(153, 'Bayleef', NULL, NULL, 0, NULL, NULL, 2),
(154, 'Meganium', NULL, NULL, 0, NULL, NULL, 2),
(155, 'Cyndaquil', NULL, NULL, 0, NULL, NULL, 2),
(156, 'Quilava', NULL, NULL, 0, NULL, NULL, 2),
(157, 'Typhlosion', NULL, NULL, 0, NULL, NULL, 2),
(158, 'Totodile', NULL, NULL, 0, NULL, NULL, 2),
(159, 'Croconaw', NULL, NULL, 0, NULL, NULL, 2),
(160, 'Feraligatr', NULL, NULL, 0, NULL, NULL, 2),
(161, 'Sentret', NULL, NULL, 0, NULL, NULL, 2),
(162, 'Furret', NULL, NULL, 0, NULL, NULL, 2),
(163, 'Hoothoot', NULL, NULL, 0, NULL, NULL, 2),
(164, 'Noctowl', NULL, NULL, 0, NULL, NULL, 2),
(165, 'Ledyba', NULL, NULL, 0, NULL, NULL, 2),
(166, 'Ledian', NULL, NULL, 0, NULL, NULL, 2),
(167, 'Spinarak', NULL, NULL, 0, NULL, NULL, 2),
(168, 'Ariados', NULL, NULL, 0, NULL, NULL, 2),
(169, 'Crobat', NULL, NULL, 0, NULL, NULL, 2),
(170, 'Chinchou', NULL, NULL, 0, NULL, NULL, 2),
(171, 'Lanturn', NULL, NULL, 0, NULL, NULL, 2),
(172, 'Pichu', NULL, NULL, 0, NULL, NULL, 2),
(173, 'Cleffa', NULL, NULL, 0, NULL, NULL, 2),
(174, 'Igglybuff', NULL, NULL, 0, NULL, NULL, 2),
(175, 'Togepi', NULL, NULL, 0, NULL, NULL, 2),
(176, 'Togetic', NULL, NULL, 0, NULL, NULL, 2),
(177, 'Natu', NULL, NULL, 0, NULL, NULL, 2),
(178, 'Xatu', NULL, NULL, 0, NULL, NULL, 2),
(179, 'Mareep', NULL, NULL, 0, NULL, NULL, 2),
(180, 'Flaaffy', NULL, NULL, 0, NULL, NULL, 2),
(181, 'Ampharos', NULL, NULL, 0, NULL, NULL, 2),
(182, 'Bellossom', NULL, NULL, 0, NULL, NULL, 2),
(183, 'Marill', NULL, NULL, 0, NULL, NULL, 2),
(184, 'Azumarill', NULL, NULL, 0, NULL, NULL, 2),
(185, 'Sudowoodo', NULL, NULL, 0, NULL, NULL, 2),
(186, 'Politoed', NULL, NULL, 0, NULL, NULL, 2),
(187, 'Hoppip', NULL, NULL, 0, NULL, NULL, 2),
(188, 'Skiploom', NULL, NULL, 0, NULL, NULL, 2),
(189, 'Jumpluff', NULL, NULL, 0, NULL, NULL, 2),
(190, 'Aipom', NULL, NULL, 0, NULL, NULL, 2),
(191, 'Sunkern', NULL, NULL, 0, NULL, NULL, 2),
(192, 'Sunflora', NULL, NULL, 0, NULL, NULL, 2),
(193, 'Yanma', NULL, NULL, 0, NULL, NULL, 2),
(194, 'Wooper', NULL, NULL, 0, NULL, NULL, 2),
(195, 'Quagsire', NULL, NULL, 0, NULL, NULL, 2),
(196, 'Espeon', NULL, NULL, 0, NULL, NULL, 2),
(197, 'Umbreon', NULL, NULL, 0, NULL, NULL, 2),
(198, 'Murkrow', NULL, NULL, 0, NULL, NULL, 2),
(199, 'Slowking', NULL, NULL, 0, NULL, NULL, 2),
(200, 'Misdreavus', NULL, NULL, 0, NULL, NULL, 2),
(201, 'Unown', NULL, NULL, 0, NULL, NULL, 2),
(202, 'Wobbuffet', NULL, NULL, 0, NULL, NULL, 2),
(203, 'Girafarig', NULL, NULL, 0, NULL, NULL, 2),
(204, 'Pineco', NULL, NULL, 0, NULL, NULL, 2),
(205, 'Forretress', NULL, NULL, 0, NULL, NULL, 2),
(206, 'Dunsparce', NULL, NULL, 0, NULL, NULL, 2),
(207, 'Gligar', NULL, NULL, 0, NULL, NULL, 2),
(208, 'Steelix', NULL, NULL, 0, NULL, NULL, 2),
(209, 'Snubbull', NULL, NULL, 0, NULL, NULL, 2),
(210, 'Granbull', NULL, NULL, 0, NULL, NULL, 2),
(211, 'Qwilfish', NULL, NULL, 0, NULL, NULL, 2),
(212, 'Scizor', NULL, NULL, 0, NULL, NULL, 2),
(213, 'Shuckle', NULL, NULL, 0, NULL, NULL, 2),
(214, 'Heracross', NULL, NULL, 0, NULL, NULL, 2),
(215, 'Sneasel', NULL, NULL, 0, NULL, NULL, 2),
(216, 'Teddiursa', NULL, NULL, 0, NULL, NULL, 2),
(217, 'Ursaring', NULL, NULL, 0, NULL, NULL, 2),
(218, 'Slugma', NULL, NULL, 0, NULL, NULL, 2),
(219, 'Magcargo', NULL, NULL, 0, NULL, NULL, 2),
(220, 'Swinub', NULL, NULL, 0, NULL, NULL, 2),
(221, 'Piloswine', NULL, NULL, 0, NULL, NULL, 2),
(222, 'Corsola', NULL, NULL, 0, NULL, NULL, 2),
(223, 'Remoraid', NULL, NULL, 0, NULL, NULL, 2),
(224, 'Octillery', NULL, NULL, 0, NULL, NULL, 2),
(225, 'Delibird', NULL, NULL, 0, NULL, NULL, 2),
(226, 'Mantine', NULL, NULL, 0, NULL, NULL, 2),
(227, 'Skarmory', NULL, NULL, 0, NULL, NULL, 2),
(228, 'Houndour', NULL, NULL, 0, NULL, NULL, 2),
(229, 'Houndoom', NULL, NULL, 0, NULL, NULL, 2),
(230, 'Kingdra', NULL, NULL, 0, NULL, NULL, 2),
(231, 'Phanpy', NULL, NULL, 0, NULL, NULL, 2),
(232, 'Donphan', NULL, NULL, 0, NULL, NULL, 2),
(233, 'Porygon2', NULL, NULL, 0, NULL, NULL, 2),
(234, 'Stantler', NULL, NULL, 0, NULL, NULL, 2),
(235, 'Smeargle', NULL, NULL, 0, NULL, NULL, 2),
(236, 'Tyrogue', NULL, NULL, 0, NULL, NULL, 2),
(237, 'Hitmontop', NULL, NULL, 0, NULL, NULL, 2),
(238, 'Smoochum', NULL, NULL, 0, NULL, NULL, 2),
(239, 'Elekid', NULL, NULL, 0, NULL, NULL, 2),
(240, 'Magby', NULL, NULL, 0, NULL, NULL, 2),
(241, 'Miltank', NULL, NULL, 0, NULL, NULL, 2),
(242, 'Blissey', NULL, NULL, 0, NULL, NULL, 2),
(243, 'Raikou', NULL, NULL, 1, NULL, NULL, 2),
(244, 'Entei', NULL, NULL, 1, NULL, NULL, 2),
(245, 'Suicune', NULL, NULL, 1, NULL, NULL, 2),
(246, 'Larvitar', NULL, NULL, 0, NULL, NULL, 2),
(247, 'Pupitar', NULL, NULL, 0, NULL, NULL, 2),
(248, 'Tyranitar', NULL, NULL, 0, NULL, NULL, 2),
(249, 'Lugia', NULL, NULL, 1, NULL, NULL, 2),
(250, 'Ho-oh', NULL, NULL, 1, NULL, NULL, 2),
(251, 'Celebi', NULL, NULL, 0, NULL, NULL, 2),
(252, 'Treecko', NULL, NULL, 0, NULL, NULL, 3),
(253, 'Grovyle', NULL, NULL, 0, NULL, NULL, 3),
(254, 'Sceptile', NULL, NULL, 0, NULL, NULL, 3),
(255, 'Torchic', NULL, NULL, 0, NULL, NULL, 3),
(256, 'Combusken', NULL, NULL, 0, NULL, NULL, 3),
(257, 'Blaziken', NULL, NULL, 0, NULL, NULL, 3),
(258, 'Mudkip', NULL, NULL, 0, NULL, NULL, 3),
(259, 'Marshtomp', NULL, NULL, 0, NULL, NULL, 3),
(260, 'Swampert', NULL, NULL, 0, NULL, NULL, 3),
(261, 'Poochyena', NULL, NULL, 0, NULL, NULL, 3),
(262, 'Mightyena', NULL, NULL, 0, NULL, NULL, 3),
(263, 'Zigzagoon', NULL, NULL, 0, NULL, NULL, 3),
(264, 'Linoone', NULL, NULL, 0, NULL, NULL, 3),
(265, 'Wurmple', NULL, NULL, 0, NULL, NULL, 3),
(266, 'Silcoon', NULL, NULL, 0, NULL, NULL, 3),
(267, 'Beautifly', NULL, NULL, 0, NULL, NULL, 3),
(268, 'Cascoon', NULL, NULL, 0, NULL, NULL, 3),
(269, 'Dustox', NULL, NULL, 0, NULL, NULL, 3),
(270, 'Lotad', NULL, NULL, 0, NULL, NULL, 3),
(271, 'Lombre', NULL, NULL, 0, NULL, NULL, 3),
(272, 'Ludicolo', NULL, NULL, 0, NULL, NULL, 3),
(273, 'Seedot', NULL, NULL, 0, NULL, NULL, 3),
(274, 'Nuzleaf', NULL, NULL, 0, NULL, NULL, 3),
(275, 'Shiftry', NULL, NULL, 0, NULL, NULL, 3),
(276, 'Taillow', NULL, NULL, 0, NULL, NULL, 3),
(277, 'Swellow', NULL, NULL, 0, NULL, NULL, 3),
(278, 'Wingull', NULL, NULL, 0, NULL, NULL, 3),
(279, 'Pelipper', NULL, NULL, 0, NULL, NULL, 3),
(280, 'Ralts', NULL, NULL, 0, NULL, NULL, 3),
(281, 'Kirlia', NULL, NULL, 0, NULL, NULL, 3),
(282, 'Gardevoir', NULL, NULL, 0, NULL, NULL, 3),
(283, 'Surskit', NULL, NULL, 0, NULL, NULL, 3),
(284, 'Masquerain', NULL, NULL, 0, NULL, NULL, 3),
(285, 'Shroomish', NULL, NULL, 0, NULL, NULL, 3),
(286, 'Breloom', NULL, NULL, 0, NULL, NULL, 3),
(287, 'Slakoth', NULL, NULL, 0, NULL, NULL, 3),
(288, 'Vigoroth', NULL, NULL, 0, NULL, NULL, 3),
(289, 'Slaking', NULL, NULL, 0, NULL, NULL, 3),
(290, 'Nincada', NULL, NULL, 0, NULL, NULL, 3),
(291, 'Ninjask', NULL, NULL, 0, NULL, NULL, 3),
(292, 'Shedinja', NULL, NULL, 0, NULL, NULL, 3),
(293, 'Whismur', NULL, NULL, 0, NULL, NULL, 3),
(294, 'Loudred', NULL, NULL, 0, NULL, NULL, 3),
(295, 'Exploud', NULL, NULL, 0, NULL, NULL, 3),
(296, 'Makuhita', NULL, NULL, 0, NULL, NULL, 3),
(297, 'Hariyama', NULL, NULL, 0, NULL, NULL, 3),
(298, 'Azurill', NULL, NULL, 0, NULL, NULL, 3),
(299, 'Nosepass', NULL, NULL, 0, NULL, NULL, 3),
(300, 'Skitty', NULL, NULL, 0, NULL, NULL, 3),
(301, 'Delcatty', NULL, NULL, 0, NULL, NULL, 3),
(302, 'Sableye', NULL, NULL, 0, NULL, NULL, 3),
(303, 'Mawile', NULL, NULL, 0, NULL, NULL, 3),
(304, 'Aron', NULL, NULL, 0, NULL, NULL, 3),
(305, 'Lairon', NULL, NULL, 0, NULL, NULL, 3),
(306, 'Aggron', NULL, NULL, 0, NULL, NULL, 3),
(307, 'Meditite', NULL, NULL, 0, NULL, NULL, 3),
(308, 'Medicham', NULL, NULL, 0, NULL, NULL, 3),
(309, 'Electrike', NULL, NULL, 0, NULL, NULL, 3),
(310, 'Manectric', NULL, NULL, 0, NULL, NULL, 3),
(311, 'Plusle', NULL, NULL, 0, NULL, NULL, 3),
(312, 'Minun', NULL, NULL, 0, NULL, NULL, 3),
(313, 'Volbeat', NULL, NULL, 0, NULL, NULL, 3),
(314, 'Illumise', NULL, NULL, 0, NULL, NULL, 3),
(315, 'Roselia', NULL, NULL, 0, NULL, NULL, 3),
(316, 'Gulpin', NULL, NULL, 0, NULL, NULL, 3),
(317, 'Swalot', NULL, NULL, 0, NULL, NULL, 3),
(318, 'Carvanha', NULL, NULL, 0, NULL, NULL, 3),
(319, 'Sharpedo', NULL, NULL, 0, NULL, NULL, 3),
(320, 'Wailmer', NULL, NULL, 0, NULL, NULL, 3),
(321, 'Wailord', NULL, NULL, 0, NULL, NULL, 3),
(322, 'Numel', NULL, NULL, 0, NULL, NULL, 3),
(323, 'Camerupt', NULL, NULL, 0, NULL, NULL, 3),
(324, 'Torkoal', NULL, NULL, 0, NULL, NULL, 3),
(325, 'Spoink', NULL, NULL, 0, NULL, NULL, 3),
(326, 'Grumpig', NULL, NULL, 0, NULL, NULL, 3),
(327, 'Spinda', NULL, NULL, 0, NULL, NULL, 3),
(328, 'Trapinch', NULL, NULL, 0, NULL, NULL, 3),
(329, 'Vibrava', NULL, NULL, 0, NULL, NULL, 3),
(330, 'Flygon', NULL, NULL, 0, NULL, NULL, 3),
(331, 'Cacnea', NULL, NULL, 0, NULL, NULL, 3),
(332, 'Cacturne', NULL, NULL, 0, NULL, NULL, 3),
(333, 'Swablu', NULL, NULL, 0, NULL, NULL, 3),
(334, 'Altaria', NULL, NULL, 0, NULL, NULL, 3),
(335, 'Zangoose', NULL, NULL, 0, NULL, NULL, 3),
(336, 'Seviper', NULL, NULL, 0, NULL, NULL, 3),
(337, 'Lunatone', NULL, NULL, 0, NULL, NULL, 3),
(338, 'Solrock', NULL, NULL, 0, NULL, NULL, 3),
(339, 'Barboach', NULL, NULL, 0, NULL, NULL, 3),
(340, 'Whiscash', NULL, NULL, 0, NULL, NULL, 3),
(341, 'Corphish', NULL, NULL, 0, NULL, NULL, 3),
(342, 'Crawdaunt', NULL, NULL, 0, NULL, NULL, 3),
(343, 'Baltoy', NULL, NULL, 0, NULL, NULL, 3),
(344, 'Claydol', NULL, NULL, 0, NULL, NULL, 3),
(345, 'Lileep', NULL, NULL, 0, NULL, NULL, 3),
(346, 'Cradily', NULL, NULL, 0, NULL, NULL, 3),
(347, 'Anorith', NULL, NULL, 0, NULL, NULL, 3),
(348, 'Armaldo', NULL, NULL, 0, NULL, NULL, 3),
(349, 'Feebas', NULL, NULL, 0, NULL, NULL, 3),
(350, 'Milotic', NULL, NULL, 0, NULL, NULL, 3),
(351, 'Castform', NULL, NULL, 0, NULL, NULL, 3),
(352, 'Kecleon', NULL, NULL, 0, NULL, NULL, 3),
(353, 'Shuppet', NULL, NULL, 0, NULL, NULL, 3),
(354, 'Banette', NULL, NULL, 0, NULL, NULL, 3),
(355, 'Duskull', NULL, NULL, 0, NULL, NULL, 3),
(356, 'Dusclops', NULL, NULL, 0, NULL, NULL, 3),
(357, 'Tropius', NULL, NULL, 0, NULL, NULL, 3),
(358, 'Chimecho', NULL, NULL, 0, NULL, NULL, 3),
(359, 'Absol', NULL, NULL, 0, NULL, NULL, 3),
(360, 'Wynaut', NULL, NULL, 0, NULL, NULL, 3),
(361, 'Snorunt', NULL, NULL, 0, NULL, NULL, 3),
(362, 'Glalie', NULL, NULL, 0, NULL, NULL, 3),
(363, 'Spheal', NULL, NULL, 0, NULL, NULL, 3),
(364, 'Sealeo', NULL, NULL, 0, NULL, NULL, 3),
(365, 'Walrein', NULL, NULL, 0, NULL, NULL, 3),
(366, 'Clamperl', NULL, NULL, 0, NULL, NULL, 3),
(367, 'Huntail', NULL, NULL, 0, NULL, NULL, 3),
(368, 'Gorebyss', NULL, NULL, 0, NULL, NULL, 3),
(369, 'Relicanth', NULL, NULL, 0, NULL, NULL, 3),
(370, 'Luvdisc', NULL, NULL, 0, NULL, NULL, 3),
(371, 'Bagon', NULL, NULL, 0, NULL, NULL, 3),
(372, 'Shelgon', NULL, NULL, 0, NULL, NULL, 3),
(373, 'Salamence', NULL, NULL, 0, NULL, NULL, 3),
(374, 'Beldum', NULL, NULL, 0, NULL, NULL, 3),
(375, 'Metang', NULL, NULL, 0, NULL, NULL, 3),
(376, 'Metagross', NULL, NULL, 0, NULL, NULL, 3),
(377, 'Regirock', NULL, NULL, 1, NULL, NULL, 3),
(378, 'Regice', NULL, NULL, 1, NULL, NULL, 3),
(379, 'Registeel', NULL, NULL, 1, NULL, NULL, 3),
(380, 'Latias', NULL, NULL, 1, NULL, NULL, 3),
(381, 'Latios', NULL, NULL, 1, NULL, NULL, 3),
(382, 'Kyogre', NULL, NULL, 1, NULL, NULL, 3),
(383, 'Groudon', NULL, NULL, 1, NULL, NULL, 3),
(384, 'Rayquaza', NULL, NULL, 1, NULL, NULL, 3),
(385, 'Jirachi', NULL, NULL, 1, NULL, NULL, 3),
(387, 'Turtwig', NULL, NULL, 0, NULL, NULL, 4),
(388, 'Grotle', NULL, NULL, 0, NULL, NULL, 4),
(389, 'Torterra', NULL, NULL, 0, NULL, NULL, 4),
(390, 'Chimchar', NULL, NULL, 0, NULL, NULL, 4),
(391, 'Monferno', NULL, NULL, 0, NULL, NULL, 4),
(392, 'Infernape', NULL, NULL, 0, NULL, NULL, 4),
(393, 'Piplup', NULL, NULL, 0, NULL, NULL, 4),
(394, 'Prinplup', NULL, NULL, 0, NULL, NULL, 4),
(395, 'Empoleon', NULL, NULL, 0, NULL, NULL, 4),
(396, 'Starly', NULL, NULL, 0, NULL, NULL, 4),
(397, 'Staravia', NULL, NULL, 0, NULL, NULL, 4),
(398, 'Staraptor', NULL, NULL, 0, NULL, NULL, 4),
(399, 'Bidoof', NULL, NULL, 0, NULL, NULL, 4),
(400, 'Bibarel', NULL, NULL, 0, NULL, NULL, 4),
(401, 'Kricketot', NULL, NULL, 0, NULL, NULL, 4),
(402, 'Kricketune', NULL, NULL, 0, NULL, NULL, 4),
(403, 'Shinx', NULL, NULL, 0, NULL, NULL, 4),
(404, 'Luxio', NULL, NULL, 0, NULL, NULL, 4),
(405, 'Luxray', NULL, NULL, 0, NULL, NULL, 4),
(406, 'Budew', NULL, NULL, 0, NULL, NULL, 4),
(407, 'Roserade', NULL, NULL, 0, NULL, NULL, 4),
(408, 'Cranidos', NULL, NULL, 0, NULL, NULL, 4),
(409, 'Rampardos', NULL, NULL, 0, NULL, NULL, 4),
(410, 'Shieldon', NULL, NULL, 0, NULL, NULL, 4),
(411, 'Bastiodon', NULL, NULL, 0, NULL, NULL, 4),
(412, 'Burmy', NULL, NULL, 0, NULL, NULL, 4),
(414, 'Mothim', NULL, NULL, 0, NULL, NULL, 4),
(415, 'Combee', NULL, NULL, 0, NULL, NULL, 4),
(416, 'Vespiquen', NULL, NULL, 0, NULL, NULL, 4),
(417, 'Pachirisu', NULL, NULL, 0, NULL, NULL, 4),
(418, 'Buizel', NULL, NULL, 0, NULL, NULL, 4),
(419, 'Floatzel', NULL, NULL, 0, NULL, NULL, 4),
(420, 'Cherubi', NULL, NULL, 0, NULL, NULL, 4),
(421, 'Cherrim', NULL, NULL, 0, NULL, NULL, 4),
(422, 'Shellos', NULL, NULL, 0, NULL, NULL, 4),
(423, 'Gastrodon', NULL, NULL, 0, NULL, NULL, 4),
(424, 'Ambipom', NULL, NULL, 0, NULL, NULL, 4),
(425, 'Drifloon', NULL, NULL, 0, NULL, NULL, 4),
(426, 'Drifblim', NULL, NULL, 0, NULL, NULL, 4),
(427, 'Buneary', NULL, NULL, 0, NULL, NULL, 4),
(428, 'Lopunny', NULL, NULL, 0, NULL, NULL, 4),
(429, 'Mismagius', NULL, NULL, 0, NULL, NULL, 4),
(430, 'Honchkrow', NULL, NULL, 0, NULL, NULL, 4),
(431, 'Glameow', NULL, NULL, 0, NULL, NULL, 4),
(432, 'Purugly', NULL, NULL, 0, NULL, NULL, 4),
(433, 'Chingling', NULL, NULL, 0, NULL, NULL, 4),
(434, 'Stunky', NULL, NULL, 0, NULL, NULL, 4),
(435, 'Skuntank', NULL, NULL, 0, NULL, NULL, 4),
(436, 'Bronzor', NULL, NULL, 0, NULL, NULL, 4),
(437, 'Bronzong', NULL, NULL, 0, NULL, NULL, 4),
(438, 'Bonsly', NULL, NULL, 0, NULL, NULL, 4),
(439, 'Mime Jr.', NULL, NULL, 0, NULL, NULL, 4),
(440, 'Happiny', NULL, NULL, 0, NULL, NULL, 4),
(441, 'Chatot', NULL, NULL, 0, NULL, NULL, 4),
(442, 'Spiritomb', NULL, NULL, 0, NULL, NULL, 4),
(443, 'Gible', NULL, NULL, 0, NULL, NULL, 4),
(444, 'Gabite', NULL, NULL, 0, NULL, NULL, 4),
(445, 'Garchomp', NULL, NULL, 0, NULL, NULL, 4),
(446, 'Munchlax', NULL, NULL, 0, NULL, NULL, 4),
(447, 'Riolu', NULL, NULL, 0, NULL, NULL, 4),
(448, 'Lucario', NULL, NULL, 0, NULL, NULL, 4),
(449, 'Hippopotas', NULL, NULL, 0, NULL, NULL, 4),
(450, 'Hippowdon', NULL, NULL, 0, NULL, NULL, 4),
(451, 'Skorupi', NULL, NULL, 0, NULL, NULL, 4),
(452, 'Drapion', NULL, NULL, 0, NULL, NULL, 4),
(453, 'Croagunk', NULL, NULL, 0, NULL, NULL, 4),
(454, 'Toxicroak', NULL, NULL, 0, NULL, NULL, 4),
(455, 'Carnivine', NULL, NULL, 0, NULL, NULL, 4),
(456, 'Finneon', NULL, NULL, 0, NULL, NULL, 4),
(457, 'Lumineon', NULL, NULL, 0, NULL, NULL, 4),
(458, 'Mantyke', NULL, NULL, 0, NULL, NULL, 4),
(459, 'Snover', NULL, NULL, 0, NULL, NULL, 4),
(460, 'Abomasnow', NULL, NULL, 0, NULL, NULL, 4),
(461, 'Weavile', NULL, NULL, 0, NULL, NULL, 4),
(462, 'Magnezone', NULL, NULL, 0, NULL, NULL, 4),
(463, 'Lickilicky', NULL, NULL, 0, NULL, NULL, 4),
(464, 'Rhyperior', NULL, NULL, 0, NULL, NULL, 4),
(465, 'Tangrowth', NULL, NULL, 0, NULL, NULL, 4),
(466, 'Electivire', NULL, NULL, 0, NULL, NULL, 4),
(467, 'Magmortar', NULL, NULL, 0, NULL, NULL, 4),
(468, 'Togekiss', NULL, NULL, 0, NULL, NULL, 4),
(469, 'Yanmega', NULL, NULL, 0, NULL, NULL, 4),
(470, 'Leafeon', NULL, NULL, 0, NULL, NULL, 4),
(471, 'Glaceon', NULL, NULL, 0, NULL, NULL, 4),
(472, 'Gliscor', NULL, NULL, 0, NULL, NULL, 4),
(473, 'Mamoswine', NULL, NULL, 0, NULL, NULL, 4),
(474, 'Porygon-Z', NULL, NULL, 0, NULL, NULL, 4),
(475, 'Gallade', NULL, NULL, 0, NULL, NULL, 4),
(476, 'Probopass', NULL, NULL, 0, NULL, NULL, 4),
(477, 'Dusknoir', NULL, NULL, 0, NULL, NULL, 4),
(478, 'Froslass', NULL, NULL, 0, NULL, NULL, 4),
(479, 'Rotom', NULL, NULL, 0, NULL, NULL, 4),
(480, 'Uxie', NULL, NULL, 1, NULL, NULL, 4),
(481, 'Mesprit', NULL, NULL, 1, NULL, NULL, 4),
(482, 'Azelf', NULL, NULL, 1, NULL, NULL, 4),
(483, 'Dialga', NULL, NULL, 1, NULL, NULL, 4),
(484, 'Palkia', NULL, NULL, 1, NULL, NULL, 4),
(485, 'Heatran', NULL, NULL, 1, NULL, NULL, 4),
(486, 'Regigigas', NULL, NULL, 1, NULL, NULL, 4),
(488, 'Cresselia', NULL, NULL, 0, NULL, NULL, 4),
(489, 'Phione', NULL, NULL, 0, NULL, NULL, 4),
(490, 'Manaphy', NULL, NULL, 0, NULL, NULL, 4),
(491, 'Darkrai', NULL, NULL, 1, NULL, NULL, 4),
(493, 'Arceus', NULL, NULL, 1, NULL, NULL, 4),
(494, 'Victini', NULL, NULL, 1, NULL, NULL, 5),
(495, 'Snivy', NULL, NULL, 0, NULL, NULL, 5),
(496, 'Servine', NULL, NULL, 0, NULL, NULL, 5),
(497, 'Serperior', NULL, NULL, 0, NULL, NULL, 5),
(498, 'Tepig', NULL, NULL, 0, NULL, NULL, 5),
(499, 'Pignite', NULL, NULL, 0, NULL, NULL, 5),
(500, 'Emboar', NULL, NULL, 0, NULL, NULL, 5),
(501, 'Oshawott', NULL, NULL, 0, NULL, NULL, 5),
(502, 'Dewott', NULL, NULL, 0, NULL, NULL, 5),
(503, 'Samurott', NULL, NULL, 0, NULL, NULL, 5),
(504, 'Patrat', NULL, NULL, 0, NULL, NULL, 5),
(505, 'Watchog', NULL, NULL, 0, NULL, NULL, 5),
(506, 'Lillipup', NULL, NULL, 0, NULL, NULL, 5),
(507, 'Herdier', NULL, NULL, 0, NULL, NULL, 5),
(508, 'Stoutland', NULL, NULL, 0, NULL, NULL, 5),
(509, 'Purrloin', NULL, NULL, 0, NULL, NULL, 5),
(510, 'Liepard', NULL, NULL, 0, NULL, NULL, 5),
(511, 'Pansage', NULL, NULL, 0, NULL, NULL, 5),
(512, 'Simisage', NULL, NULL, 0, NULL, NULL, 5),
(513, 'Pansear', NULL, NULL, 0, NULL, NULL, 5),
(514, 'Simisear', NULL, NULL, 0, NULL, NULL, 5),
(515, 'Panpour', NULL, NULL, 0, NULL, NULL, 5),
(516, 'Simipour', NULL, NULL, 0, NULL, NULL, 5),
(517, 'Munna', NULL, NULL, 0, NULL, NULL, 5),
(518, 'Musharna', NULL, NULL, 0, NULL, NULL, 5),
(519, 'Pidove', NULL, NULL, 0, NULL, NULL, 5),
(520, 'Tranquill', NULL, NULL, 0, NULL, NULL, 5),
(521, 'Unfezant', NULL, NULL, 0, NULL, NULL, 5),
(522, 'Blitzle', NULL, NULL, 0, NULL, NULL, 5),
(523, 'Zebstrika', NULL, NULL, 0, NULL, NULL, 5),
(524, 'Roggenrola', NULL, NULL, 0, NULL, NULL, 5),
(525, 'Boldore', NULL, NULL, 0, NULL, NULL, 5),
(526, 'Gigalith', NULL, NULL, 0, NULL, NULL, 5),
(527, 'Woobat', NULL, NULL, 0, NULL, NULL, 5),
(528, 'Swoobat', NULL, NULL, 0, NULL, NULL, 5),
(529, 'Drilbur', NULL, NULL, 0, NULL, NULL, 5),
(530, 'Excadrill', NULL, NULL, 0, NULL, NULL, 5),
(531, 'Audino', NULL, NULL, 0, NULL, NULL, 5),
(532, 'Timburr', NULL, NULL, 0, NULL, NULL, 5),
(533, 'Gurdurr', NULL, NULL, 0, NULL, NULL, 5),
(534, 'Conkeldurr', NULL, NULL, 0, NULL, NULL, 5),
(535, 'Tympole', NULL, NULL, 0, NULL, NULL, 5),
(536, 'Palpitoad', NULL, NULL, 0, NULL, NULL, 5),
(537, 'Seismitoad', NULL, NULL, 0, NULL, NULL, 5),
(538, 'Throh', NULL, NULL, 0, NULL, NULL, 5),
(539, 'Sawk', NULL, NULL, 0, NULL, NULL, 5),
(540, 'Sewaddle', NULL, NULL, 0, NULL, NULL, 5),
(541, 'Swadloon', NULL, NULL, 0, NULL, NULL, 5),
(542, 'Leavanny', NULL, NULL, 0, NULL, NULL, 5),
(543, 'Venipede', NULL, NULL, 0, NULL, NULL, 5),
(544, 'Whirlipede', NULL, NULL, 0, NULL, NULL, 5),
(545, 'Scolipede', NULL, NULL, 0, NULL, NULL, 5),
(546, 'Cottonee', NULL, NULL, 0, NULL, NULL, 5),
(547, 'Whimsicott', NULL, NULL, 0, NULL, NULL, 5),
(548, 'Petilil', NULL, NULL, 0, NULL, NULL, 5),
(549, 'Lilligant', NULL, NULL, 0, NULL, NULL, 5),
(550, 'Basculin', NULL, NULL, 0, NULL, NULL, 5),
(551, 'Sandile', NULL, NULL, 0, NULL, NULL, 5),
(552, 'Krokorok', NULL, NULL, 0, NULL, NULL, 5),
(553, 'Krookodile', NULL, NULL, 0, NULL, NULL, 5),
(554, 'Darumaka', NULL, NULL, 0, NULL, NULL, 5),
(556, 'Maractus', NULL, NULL, 0, NULL, NULL, 5),
(557, 'Dwebble', NULL, NULL, 0, NULL, NULL, 5),
(558, 'Crustle', NULL, NULL, 0, NULL, NULL, 5),
(559, 'Scraggy', NULL, NULL, 0, NULL, NULL, 5),
(560, 'Scrafty', NULL, NULL, 0, NULL, NULL, 5),
(561, 'Sigilyph', NULL, NULL, 0, NULL, NULL, 5),
(562, 'Yamask', NULL, NULL, 0, NULL, NULL, 5),
(563, 'Cofagrigus', NULL, NULL, 0, NULL, NULL, 5),
(564, 'Tirtouga', NULL, NULL, 0, NULL, NULL, 5),
(565, 'Carracosta', NULL, NULL, 0, NULL, NULL, 5),
(566, 'Archen', NULL, NULL, 0, NULL, NULL, 5),
(567, 'Archeops', NULL, NULL, 0, NULL, NULL, 5),
(568, 'Trubbish', NULL, NULL, 0, NULL, NULL, 5),
(569, 'Garbodor', NULL, NULL, 0, NULL, NULL, 5),
(570, 'Zorua', NULL, NULL, 0, NULL, NULL, 5),
(571, 'Zoroark', NULL, NULL, 0, NULL, NULL, 5),
(572, 'Minccino', NULL, NULL, 0, NULL, NULL, 5),
(573, 'Cinccino', NULL, NULL, 0, NULL, NULL, 5),
(574, 'Gothita', NULL, NULL, 0, NULL, NULL, 5),
(575, 'Gothorita', NULL, NULL, 0, NULL, NULL, 5),
(576, 'Gothitelle', NULL, NULL, 0, NULL, NULL, 5),
(577, 'Solosis', NULL, NULL, 0, NULL, NULL, 5),
(578, 'Duosion', NULL, NULL, 0, NULL, NULL, 5),
(579, 'Reuniclus', NULL, NULL, 0, NULL, NULL, 5),
(580, 'Ducklett', NULL, NULL, 0, NULL, NULL, 5),
(581, 'Swanna', NULL, NULL, 0, NULL, NULL, 5),
(582, 'Vanillite', NULL, NULL, 0, NULL, NULL, 5),
(583, 'Vanillish', NULL, NULL, 0, NULL, NULL, 5),
(584, 'Vanilluxe', NULL, NULL, 0, NULL, NULL, 5),
(585, 'Deerling', NULL, NULL, 0, NULL, NULL, 5),
(586, 'Sawsbuck', NULL, NULL, 0, NULL, NULL, 5),
(587, 'Emolga', NULL, NULL, 0, NULL, NULL, 5),
(588, 'Karrablast', NULL, NULL, 0, NULL, NULL, 5),
(589, 'Escavalier', NULL, NULL, 0, NULL, NULL, 5),
(590, 'Foongus', NULL, NULL, 0, NULL, NULL, 5),
(591, 'Amoonguss', NULL, NULL, 0, NULL, NULL, 5),
(592, 'Frillish', NULL, NULL, 0, NULL, NULL, 5),
(593, 'Jellicent', NULL, NULL, 0, NULL, NULL, 5),
(594, 'Alomomola', NULL, NULL, 0, NULL, NULL, 5),
(595, 'Joltik', NULL, NULL, 0, NULL, NULL, 5),
(596, 'Galvantula', NULL, NULL, 0, NULL, NULL, 5),
(597, 'Ferroseed', NULL, NULL, 0, NULL, NULL, 5),
(598, 'Ferrothorn', NULL, NULL, 0, NULL, NULL, 5),
(599, 'Klink', NULL, NULL, 0, NULL, NULL, 5),
(600, 'Klang', NULL, NULL, 0, NULL, NULL, 5),
(601, 'Klinklang', NULL, NULL, 0, NULL, NULL, 5),
(602, 'Tynamo', NULL, NULL, 0, NULL, NULL, 5),
(603, 'Eelektrik', NULL, NULL, 0, NULL, NULL, 5),
(604, 'Eelektross', NULL, NULL, 0, NULL, NULL, 5),
(605, 'Elgyem', NULL, NULL, 0, NULL, NULL, 5),
(606, 'Beheeyem', NULL, NULL, 0, NULL, NULL, 5),
(607, 'Litwick', NULL, NULL, 0, NULL, NULL, 5),
(608, 'Lampent', NULL, NULL, 0, NULL, NULL, 5),
(609, 'Chandelure', NULL, NULL, 0, NULL, NULL, 5),
(610, 'Axew', NULL, NULL, 0, NULL, NULL, 5),
(611, 'Fraxure', NULL, NULL, 0, NULL, NULL, 5),
(612, 'Haxorus', NULL, NULL, 0, NULL, NULL, 5),
(613, 'Cubchoo', NULL, NULL, 0, NULL, NULL, 5),
(614, 'Beartic', NULL, NULL, 0, NULL, NULL, 5),
(615, 'Cryogonal', NULL, NULL, 0, NULL, NULL, 5),
(616, 'Shelmet', NULL, NULL, 0, NULL, NULL, 5),
(617, 'Accelgor', NULL, NULL, 0, NULL, NULL, 5),
(618, 'Stunfisk', NULL, NULL, 0, NULL, NULL, 5),
(619, 'Mienfoo', NULL, NULL, 0, NULL, NULL, 5),
(620, 'Mienshao', NULL, NULL, 0, NULL, NULL, 5),
(621, 'Druddigon', NULL, NULL, 0, NULL, NULL, 5),
(622, 'Golett', NULL, NULL, 0, NULL, NULL, 5),
(623, 'Golurk', NULL, NULL, 0, NULL, NULL, 5),
(624, 'Pawniard', NULL, NULL, 0, NULL, NULL, 5),
(625, 'Bisharp', NULL, NULL, 0, NULL, NULL, 5),
(626, 'Bouffalant', NULL, NULL, 0, NULL, NULL, 5),
(627, 'Rufflet', NULL, NULL, 0, NULL, NULL, 5),
(628, 'Braviary', NULL, NULL, 0, NULL, NULL, 5),
(629, 'Vullaby', NULL, NULL, 0, NULL, NULL, 5),
(630, 'Mandibuzz', NULL, NULL, 0, NULL, NULL, 5),
(631, 'Heatmor', NULL, NULL, 0, NULL, NULL, 5),
(632, 'Durant', NULL, NULL, 0, NULL, NULL, 5),
(633, 'Deino', NULL, NULL, 0, NULL, NULL, 5),
(634, 'Zweilous', NULL, NULL, 0, NULL, NULL, 5),
(635, 'Hydreigon', NULL, NULL, 0, NULL, NULL, 5),
(636, 'Larvesta', NULL, NULL, 0, NULL, NULL, 5),
(637, 'Volcarona', NULL, NULL, 0, NULL, NULL, 5),
(638, 'Cobalion', NULL, NULL, 1, NULL, NULL, 5),
(639, 'Terrakion', NULL, NULL, 1, NULL, NULL, 5),
(640, 'Virizion', NULL, NULL, 1, NULL, NULL, 5),
(643, 'Reshiram', NULL, NULL, 1, NULL, NULL, 5),
(644, 'Zekrom', NULL, NULL, 1, NULL, NULL, 5),
(646, 'Kyurem', NULL, NULL, 1, NULL, NULL, 5),
(649, 'Genesect', NULL, NULL, 0, NULL, NULL, 5),
(650, 'Chespin', NULL, NULL, 0, NULL, NULL, 6),
(651, 'Quilladin', NULL, NULL, 0, NULL, NULL, 6),
(652, 'Chesnaught', NULL, NULL, 0, NULL, NULL, 6),
(653, 'Fennekin', NULL, NULL, 0, NULL, NULL, 6),
(654, 'Braixen', NULL, NULL, 0, NULL, NULL, 6),
(655, 'Delphox', NULL, NULL, 0, NULL, NULL, 6),
(656, 'Froakie', NULL, NULL, 0, NULL, NULL, 6),
(657, 'Frogadier', NULL, NULL, 0, NULL, NULL, 6),
(658, 'Greninja', NULL, NULL, 0, NULL, NULL, 6),
(659, 'Bunnelby', NULL, NULL, 0, NULL, NULL, 6),
(660, 'Diggersby', NULL, NULL, 0, NULL, NULL, 6),
(661, 'Fletchling', NULL, NULL, 0, NULL, NULL, 6),
(662, 'Fletchinder', NULL, NULL, 0, NULL, NULL, 6),
(663, 'Talonflame', NULL, NULL, 0, NULL, NULL, 6),
(664, 'Scatterbug', NULL, NULL, 0, NULL, NULL, 6),
(665, 'Spewpa', NULL, NULL, 0, NULL, NULL, 6),
(666, 'Vivillon', NULL, NULL, 0, NULL, NULL, 6),
(667, 'Litleo', NULL, NULL, 0, NULL, NULL, 6),
(668, 'Pyroar', NULL, NULL, 0, NULL, NULL, 6),
(669, 'Flab', NULL, NULL, 0, NULL, NULL, 6),
(670, 'Floette', NULL, NULL, 0, NULL, NULL, 6),
(671, 'Florges', NULL, NULL, 0, NULL, NULL, 6),
(672, 'Skiddo', NULL, NULL, 0, NULL, NULL, 6),
(673, 'Gogoat', NULL, NULL, 0, NULL, NULL, 6),
(674, 'Pancham', NULL, NULL, 0, NULL, NULL, 6),
(675, 'Pangoro', NULL, NULL, 0, NULL, NULL, 6),
(676, 'Furfrou', NULL, NULL, 0, NULL, NULL, 6),
(677, 'Espurr', NULL, NULL, 0, NULL, NULL, 6),
(679, 'Honedge', NULL, NULL, 0, NULL, NULL, 6),
(680, 'Doublade', NULL, NULL, 0, NULL, NULL, 6),
(682, 'Spritzee', NULL, NULL, 0, NULL, NULL, 6),
(683, 'Aromatisse', NULL, NULL, 0, NULL, NULL, 6),
(684, 'Swirlix', NULL, NULL, 0, NULL, NULL, 6),
(685, 'Slurpuff', NULL, NULL, 0, NULL, NULL, 6),
(686, 'Inkay', NULL, NULL, 0, NULL, NULL, 6),
(687, 'Malamar', NULL, NULL, 0, NULL, NULL, 6),
(688, 'Binacle', NULL, NULL, 0, NULL, NULL, 6),
(689, 'Barbaracle', NULL, NULL, 0, NULL, NULL, 6),
(690, 'Skrelp', NULL, NULL, 0, NULL, NULL, 6),
(691, 'Dragalge', NULL, NULL, 0, NULL, NULL, 6),
(692, 'Clauncher', NULL, NULL, 0, NULL, NULL, 6),
(693, 'Clawitzer', NULL, NULL, 0, NULL, NULL, 6),
(694, 'Helioptile', NULL, NULL, 0, NULL, NULL, 6),
(695, 'Heliolisk', NULL, NULL, 0, NULL, NULL, 6),
(696, 'Tyrunt', NULL, NULL, 0, NULL, NULL, 6),
(697, 'Tyrantrum', NULL, NULL, 0, NULL, NULL, 6),
(698, 'Amaura', NULL, NULL, 0, NULL, NULL, 6),
(699, 'Aurorus', NULL, NULL, 0, NULL, NULL, 6),
(700, 'Sylveon', NULL, NULL, 0, NULL, NULL, 6),
(701, 'Hawlucha', NULL, NULL, 0, NULL, NULL, 6),
(702, 'Dedenne', NULL, NULL, 0, NULL, NULL, 6),
(703, 'Carbink', NULL, NULL, 0, NULL, NULL, 6),
(704, 'Goomy', NULL, NULL, 0, NULL, NULL, 6),
(705, 'Sliggoo', NULL, NULL, 0, NULL, NULL, 6),
(706, 'Goodra', NULL, NULL, 0, NULL, NULL, 6),
(707, 'Klefki', NULL, NULL, 0, NULL, NULL, 6),
(708, 'Phantump', NULL, NULL, 0, NULL, NULL, 6),
(709, 'Trevenant', NULL, NULL, 0, NULL, NULL, 6),
(712, 'Bergmite', NULL, NULL, 0, NULL, NULL, 6),
(713, 'Avalugg', NULL, NULL, 0, NULL, NULL, 6),
(714, 'Noibat', NULL, NULL, 0, NULL, NULL, 6),
(715, 'Noivern', NULL, NULL, 0, NULL, NULL, 6),
(716, 'Xerneas', NULL, NULL, 1, NULL, NULL, 6),
(717, 'Yveltal', NULL, NULL, 1, NULL, NULL, 6),
(719, 'Diancie', NULL, NULL, 1, NULL, NULL, 6),
(721, 'Volcanion', NULL, NULL, 1, NULL, NULL, 6),
(722, 'Rowlet', 'Grass', 'Flying', 0, NULL, NULL, 7),
(723, 'Dartrix', 'Grass', 'Flying', 0, NULL, NULL, 7);

--
-- Índices de tabelas apagadas
--

--
-- Índices de tabela `ataque`
--
ALTER TABLE `ataque`
  ADD PRIMARY KEY (`idAtaque`);

--
-- Índices de tabela `evolucao`
--
ALTER TABLE `evolucao`
  ADD PRIMARY KEY (`registroOrigem`,`registroDestino`);

--
-- Índices de tabela `item`
--
ALTER TABLE `item`
  ADD PRIMARY KEY (`idItem`);

--
-- Índices de tabela `itensdabag`
--
ALTER TABLE `itensdabag`
  ADD PRIMARY KEY (`nick`,`idItem`),
  ADD KEY `idItem` (`idItem`);

--
-- Índices de tabela `jogador`
--
ALTER TABLE `jogador`
  ADD PRIMARY KEY (`nick`);

--
-- Índices de tabela `pokedono`
--
ALTER TABLE `pokedono`
  ADD PRIMARY KEY (`idPokeDono`);

--
-- Índices de tabela `pokemon`
--
ALTER TABLE `pokemon`
  ADD PRIMARY KEY (`registro`);

--
-- AUTO_INCREMENT de tabelas apagadas
--

--
-- AUTO_INCREMENT de tabela `item`
--
ALTER TABLE `item`
  MODIFY `idItem` int(10) UNSIGNED NOT NULL AUTO_INCREMENT, AUTO_INCREMENT=25;

--
-- AUTO_INCREMENT de tabela `pokedono`
--
ALTER TABLE `pokedono`
  MODIFY `idPokeDono` int(11) NOT NULL AUTO_INCREMENT, AUTO_INCREMENT=198;

--
-- Restrições para dumps de tabelas
--

--
-- Restrições para tabelas `itensdabag`
--
ALTER TABLE `itensdabag`
  ADD CONSTRAINT `itensdabag_ibfk_1` FOREIGN KEY (`idItem`) REFERENCES `item` (`idItem`);
COMMIT;

/*!40101 SET CHARACTER_SET_CLIENT=@OLD_CHARACTER_SET_CLIENT */;
/*!40101 SET CHARACTER_SET_RESULTS=@OLD_CHARACTER_SET_RESULTS */;
/*!40101 SET COLLATION_CONNECTION=@OLD_COLLATION_CONNECTION */;
